time,event_id,code,name,field,old_value,new_value,reason
2026-07-08 22:30:36,279570-구주보호예수-3M-2026-06-05,279570,케이뱅크,api_return_date,,2026-06-05,금융위 API 반환정보 확인
2026-07-08 22:30:36,279570-구주보호예수-3M-2026-06-05,279570,케이뱅크,api_return_qty,,35759040,금융위 API 반환정보 확인
2026-07-08 22:30:48,487580-구주보호예수-1M-2026-06-15,487580,폴레드,api_return_date,,2026-06-15,금융위 API 반환정보 확인
2026-07-08 22:30:48,487580-구주보호예수-1M-2026-06-15,487580,폴레드,api_return_qty,,174423,금융위 API 반환정보 확인
2026-07-08 22:30:48,487580-구주보호예수-1M-2026-06-15,487580,폴레드,api_return_qty,174423,581400,금융위 API 반환정보 확인
2026-07-08 22:30:48,487580-구주보호예수-1M-2026-06-15,487580,폴레드,api_return_qty,581400,2462316,금융위 API 반환정보 확인
2026-07-08 22:30:58,458350-IPO기관-3M-2026-06-08,458350,에스팀,api_return_date,,2026-06-08,금융위 API 반환정보 확인
2026-07-08 22:30:58,458350-IPO기관-3M-2026-06-08,458350,에스팀,api_return_qty,,54000,금융위 API 반환정보 확인
2026-07-08 22:31:10,0001A0-구주보호예수-1M-2026-03-03,0001A0,덕양에너젠,api_return_date,,2026-03-03,금융위 API 반환정보 확인
2026-07-08 22:31:10,0001A0-구주보호예수-1M-2026-03-03,0001A0,덕양에너젠,api_return_qty,,5955,금융위 API 반환정보 확인
2026-07-08 22:31:10,0001A0-구주보호예수-3M-2026-04-30,0001A0,덕양에너젠,api_return_date,,2026-04-30,금융위 API 반환정보 확인
2026-07-08 22:31:10,0001A0-구주보호예수-3M-2026-04-30,0001A0,덕양에너젠,api_return_qty,,100000,금융위 API 반환정보 확인
2026-07-09 01:06:21,0001A0-구주보호예수-1M-2026-03-03,0001A0,덕양에너젠,api_return_date,,2026-03-03,금융위 API 반환정보 확인
2026-07-09 01:06:21,0001A0-구주보호예수-1M-2026-03-03,0001A0,덕양에너젠,api_return_qty,,5955,금융위 API 반환정보 확인
2026-07-09 01:06:21,0001A0-구주보호예수-3M-2026-04-30,0001A0,덕양에너젠,api_return_date,,2026-04-30,금융위 API 반환정보 확인
2026-07-09 01:06:21,0001A0-구주보호예수-3M-2026-04-30,0001A0,덕양에너젠,api_return_qty,,100000,금융위 API 반환정보 확인
2026-07-09 01:06:23,279570-구주보호예수-3M-2026-06-05,279570,케이뱅크,api_return_date,,2026-06-05,금융위 API 반환정보 확인
2026-07-09 01:06:23,279570-구주보호예수-3M-2026-06-05,279570,케이뱅크,api_return_qty,,35759040,금융위 API 반환정보 확인
2026-07-09 01:06:26,458350-IPO기관-3M-2026-06-08,458350,에스팀,api_return_date,,2026-06-08,금융위 API 반환정보 확인
2026-07-09 01:06:26,458350-IPO기관-3M-2026-06-08,458350,에스팀,api_return_qty,,54000,금융위 API 반환정보 확인
2026-07-09 01:06:27,0011A0-구주보호예수-1M-2026-04-09,0011A0,액스비스,api_return_date,,2026-04-09,금융위 API 반환정보 확인
2026-07-09 01:06:27,0011A0-구주보호예수-1M-2026-04-09,0011A0,액스비스,api_return_qty,,111687,금융위 API 반환정보 확인
2026-07-09 01:06:27,0011A0-구주보호예수-1M-2026-04-09,0011A0,액스비스,api_return_qty,111687,524543,금융위 API 반환정보 확인
2026-07-09 01:06:27,0011A0-구주보호예수-2M-2026-05-11,0011A0,액스비스,api_return_date,,2026-05-11,금융위 API 반환정보 확인
2026-07-09 01:06:27,0011A0-구주보호예수-2M-2026-05-11,0011A0,액스비스,api_return_qty,,224803,금융위 API 반환정보 확인
2026-07-09 01:06:27,0011A0-구주보호예수-3M-2026-06-09,0011A0,액스비스,api_return_date,,2026-06-09,금융위 API 반환정보 확인
2026-07-09 01:06:27,0011A0-구주보호예수-3M-2026-06-09,0011A0,액스비스,api_return_qty,,69000,금융위 API 반환정보 확인
2026-07-09 01:06:29,0082N0-구주보호예수-1M-2026-04-16,0082N0,카나프테라퓨틱스,api_return_date,,2026-04-16,금융위 API 반환정보 확인
2026-07-09 01:06:29,0082N0-구주보호예수-1M-2026-04-16,0082N0,카나프테라퓨틱스,api_return_qty,,1252672,금융위 API 반환정보 확인
2026-07-09 01:06:29,0082N0-구주보호예수-1M-2026-04-16,0082N0,카나프테라퓨틱스,api_return_qty,1252672,776269,금융위 API 반환정보 확인
2026-07-09 01:06:29,0082N0-구주보호예수-3M-2026-06-16,0082N0,카나프테라퓨틱스,api_return_date,,2026-06-16,금융위 API 반환정보 확인
2026-07-09 01:06:29,0082N0-구주보호예수-3M-2026-06-16,0082N0,카나프테라퓨틱스,api_return_qty,,1252671,금융위 API 반환정보 확인
2026-07-09 01:06:29,0082N0-구주보호예수-3M-2026-06-16,0082N0,카나프테라퓨틱스,api_return_qty,1252671,776260,금융위 API 반환정보 확인
2026-07-09 01:06:29,0082N0-구주보호예수-3M-2026-06-16,0082N0,카나프테라퓨틱스,api_return_qty,776260,50000,금융위 API 반환정보 확인
2026-07-09 01:06:30,493280-구주보호예수-1M-2026-04-20,493280,아이엠바이오로직스,api_return_date,,2026-04-20,금융위 API 반환정보 확인
2026-07-09 01:06:30,493280-구주보호예수-1M-2026-04-20,493280,아이엠바이오로직스,api_return_qty,,1400526,금융위 API 반환정보 확인
2026-07-09 01:06:30,493280-구주보호예수-3M-2026-06-22,493280,아이엠바이오로직스,api_return_date,,2026-06-22,금융위 API 반환정보 확인
2026-07-09 01:06:30,493280-구주보호예수-3M-2026-06-22,493280,아이엠바이오로직스,api_return_qty,,3501576,금융위 API 반환정보 확인
2026-07-09 01:06:30,493280-구주보호예수-3M-2026-06-22,493280,아이엠바이오로직스,api_return_qty,3501576,38461,금융위 API 반환정보 확인
2026-07-09 01:06:33,408470-구주보호예수-1M-2026-04-27,408470,한패스,api_return_date,,2026-04-27,금융위 API 반환정보 확인
2026-07-09 01:06:33,408470-구주보호예수-1M-2026-04-27,408470,한패스,api_return_qty,,969830,금융위 API 반환정보 확인
2026-07-09 01:06:33,408470-구주보호예수-1M-2026-04-27,408470,한패스,api_return_qty,969830,180123,금융위 API 반환정보 확인
2026-07-09 01:06:33,408470-구주보호예수-2M-2026-05-26,408470,한패스,api_return_date,,2026-05-26,금융위 API 반환정보 확인
2026-07-09 01:06:33,408470-구주보호예수-2M-2026-05-26,408470,한패스,api_return_qty,,80125,금융위 API 반환정보 확인
2026-07-09 01:06:33,408470-구주보호예수-3M-2026-06-25,408470,한패스,api_return_date,,2026-06-25,금융위 API 반환정보 확인
2026-07-09 01:06:33,408470-구주보호예수-3M-2026-06-25,408470,한패스,api_return_qty,,368837,금융위 API 반환정보 확인
2026-07-09 01:06:33,408470-구주보호예수-3M-2026-06-25,408470,한패스,api_return_qty,368837,6600,금융위 API 반환정보 확인
2026-07-09 01:06:34,0088M0-구주보호예수-1M-2026-04-27,0088M0,메쥬,api_return_date,,2026-04-27,금융위 API 반환정보 확인
2026-07-09 01:06:34,0088M0-구주보호예수-1M-2026-04-27,0088M0,메쥬,api_return_qty,,348700,금융위 API 반환정보 확인
2026-07-09 01:06:34,0088M0-구주보호예수-1M-2026-04-27,0088M0,메쥬,api_return_qty,348700,1665384,금융위 API 반환정보 확인
2026-07-09 01:06:34,0088M0-구주보호예수-1M-2026-04-27,0088M0,메쥬,api_return_qty,1665384,26000,금융위 API 반환정보 확인
2026-07-09 01:06:34,0088M0-구주보호예수-2M-2026-05-26,0088M0,메쥬,api_return_date,,2026-05-26,금융위 API 반환정보 확인
2026-07-09 01:06:34,0088M0-구주보호예수-2M-2026-05-26,0088M0,메쥬,api_return_qty,,96860,금융위 API 반환정보 확인
2026-07-09 01:06:34,0088M0-구주보호예수-3M-2026-06-26,0088M0,메쥬,api_return_date,,2026-06-26,금융위 API 반환정보 확인
2026-07-09 01:06:34,0088M0-구주보호예수-3M-2026-06-26,0088M0,메쥬,api_return_qty,,108520,금융위 API 반환정보 확인
2026-07-09 01:06:34,0088M0-구주보호예수-3M-2026-06-26,0088M0,메쥬,api_return_qty,108520,40350,금융위 API 반환정보 확인
2026-07-09 01:06:34,0088M0-구주보호예수-3M-2026-06-26,0088M0,메쥬,api_return_qty,40350,20400,금융위 API 반환정보 확인
2026-07-09 01:06:36,394420-구주보호예수-보호예수-2026-05-04,394420,리센스메디컬,event,,API 단독 이벤트 추가,금융위 API 반환정보 신규 반영
2026-07-09 01:06:36,394420-구주보호예수-보호예수-2026-05-04,394420,리센스메디컬,api_return_qty,680097,112630,금융위 API 반환정보 확인
2026-07-09 01:06:36,394420-구주보호예수-보호예수-2026-05-04,394420,리센스메디컬,api_return_qty,112630,1458791,금융위 API 반환정보 확인
2026-07-09 01:06:36,394420-구주보호예수-2M-2026-06-01,394420,리센스메디컬,api_return_date,,2026-06-01,금융위 API 반환정보 확인
2026-07-09 01:06:36,394420-구주보호예수-2M-2026-06-01,394420,리센스메디컬,api_return_qty,,236385,금융위 API 반환정보 확인
2026-07-09 01:06:36,394420-구주보호예수-2M-2026-06-01,394420,리센스메디컬,api_return_qty,236385,37543,금융위 API 반환정보 확인
2026-07-09 01:06:36,394420-구주보호예수-2M-2026-06-01,394420,리센스메디컬,api_return_qty,37543,972528,금융위 API 반환정보 확인
2026-07-09 01:06:36,394420-구주보호예수-보호예수-2026-07-01,394420,리센스메디컬,event,,API 단독 이벤트 추가,금융위 API 반환정보 신규 반영
2026-07-09 01:06:36,394420-구주보호예수-보호예수-2026-07-01,394420,리센스메디컬,api_return_qty,168547,37543,금융위 API 반환정보 확인
2026-07-09 01:06:36,394420-구주보호예수-보호예수-2026-07-01,394420,리센스메디컬,api_return_qty,37543,1040366,금융위 API 반환정보 확인
2026-07-09 01:06:37,0007J0-IPO기관-1M-2026-05-04,0007J0,인벤테라,api_return_date,,2026-05-04,금융위 API 반환정보 확인
2026-07-09 01:06:37,0007J0-IPO기관-1M-2026-05-04,0007J0,인벤테라,api_return_qty,,262191,금융위 API 반환정보 확인
2026-07-09 01:06:37,0007J0-IPO기관-1M-2026-05-04,0007J0,인벤테라,api_return_qty,262191,362798,금융위 API 반환정보 확인
2026-07-09 01:06:37,0007J0-구주보호예수-보호예수-2026-06-02,0007J0,인벤테라,event,,API 단독 이벤트 추가,금융위 API 반환정보 신규 반영
2026-07-09 01:06:37,0007J0-구주보호예수-보호예수-2026-06-02,0007J0,인벤테라,api_return_qty,262190,362795,금융위 API 반환정보 확인
2026-07-09 01:06:37,0007J0-IPO기관-3M-2026-07-02,0007J0,인벤테라,api_return_date,,2026-07-02,금융위 API 반환정보 확인
2026-07-09 01:06:37,0007J0-IPO기관-3M-2026-07-02,0007J0,인벤테라,api_return_qty,,262190,금융위 API 반환정보 확인
2026-07-09 01:06:37,0007J0-IPO기관-3M-2026-07-02,0007J0,인벤테라,api_return_qty,262190,362790,금융위 API 반환정보 확인
2026-07-09 01:06:37,0007J0-IPO기관-3M-2026-07-02,0007J0,인벤테라,api_return_qty,362790,35400,금융위 API 반환정보 확인
2026-07-09 01:06:40,0011T0-구주보호예수-1M-2026-05-29,0011T0,채비,api_return_date,,2026-05-29,금융위 API 반환정보 확인
2026-07-09 01:06:40,0011T0-구주보호예수-1M-2026-05-29,0011T0,채비,api_return_qty,,2194110,금융위 API 반환정보 확인
2026-07-09 01:06:42,439960-구주보호예수-1M-2026-06-11,439960,코스모로보틱스,api_return_date,,2026-06-11,금융위 API 반환정보 확인
2026-07-09 01:06:42,439960-구주보호예수-1M-2026-06-11,439960,코스모로보틱스,api_return_qty,,3486536,금융위 API 반환정보 확인
2026-07-09 01:06:44,487580-구주보호예수-1M-2026-06-15,487580,폴레드,api_return_date,,2026-06-15,금융위 API 반환정보 확인
2026-07-09 01:06:44,487580-구주보호예수-1M-2026-06-15,487580,폴레드,api_return_qty,,174423,금융위 API 반환정보 확인
2026-07-09 01:06:44,487580-구주보호예수-1M-2026-06-15,487580,폴레드,api_return_qty,174423,581400,금융위 API 반환정보 확인
2026-07-09 01:06:44,487580-구주보호예수-1M-2026-06-15,487580,폴레드,api_return_qty,581400,2462316,금융위 API 반환정보 확인
2026-07-09 01:06:46,477850-구주보호예수-1M-2026-06-22,477850,마키나락스,api_return_date,,2026-06-22,금융위 API 반환정보 확인
2026-07-09 01:06:46,477850-구주보호예수-1M-2026-06-22,477850,마키나락스,api_return_qty,,121640,금융위 API 반환정보 확인
2026-07-09 01:06:46,477850-구주보호예수-1M-2026-06-22,477850,마키나락스,api_return_qty,121640,332459,금융위 API 반환정보 확인
2026-07-08 16:47:28,0082N0-구주보호예수-1M-2026-04-16,0082N0,카나프테라퓨틱스,api_return_qty,776269,1252672,금융위 API 반환정보 확인
2026-07-08 16:47:28,0082N0-구주보호예수-1M-2026-04-16,0082N0,카나프테라퓨틱스,api_return_qty,1252672,776269,금융위 API 반환정보 확인
2026-07-08 16:47:28,0082N0-구주보호예수-3M-2026-06-16,0082N0,카나프테라퓨틱스,api_return_qty,50000,1252671,금융위 API 반환정보 확인
2026-07-08 16:47:28,0082N0-구주보호예수-3M-2026-06-16,0082N0,카나프테라퓨틱스,api_return_qty,1252671,776260,금융위 API 반환정보 확인
2026-07-08 16:47:28,0082N0-구주보호예수-3M-2026-06-16,0082N0,카나프테라퓨틱스,api_return_qty,776260,50000,금융위 API 반환정보 확인
2026-07-08 16:47:28,493280-구주보호예수-3M-2026-06-22,493280,아이엠바이오로직스,api_return_qty,38461,3501576,금융위 API 반환정보 확인
2026-07-08 16:47:28,493280-구주보호예수-3M-2026-06-22,493280,아이엠바이오로직스,api_return_qty,3501576,38461,금융위 API 반환정보 확인
2026-07-08 16:47:29,408470-구주보호예수-1M-2026-04-27,408470,한패스,api_return_qty,180123,969830,금융위 API 반환정보 확인
2026-07-08 16:47:29,408470-구주보호예수-1M-2026-04-27,408470,한패스,api_return_qty,969830,180123,금융위 API 반환정보 확인
2026-07-08 16:47:29,408470-구주보호예수-3M-2026-06-25,408470,한패스,api_return_qty,6600,368837,금융위 API 반환정보 확인
2026-07-08 16:47:29,408470-구주보호예수-3M-2026-06-25,408470,한패스,api_return_qty,368837,6600,금융위 API 반환정보 확인
2026-07-08 16:47:31,0088M0-구주보호예수-1M-2026-04-27,0088M0,메쥬,api_return_qty,26000,348700,금융위 API 반환정보 확인
2026-07-08 16:47:31,0088M0-구주보호예수-1M-2026-04-27,0088M0,메쥬,api_return_qty,348700,1665384,금융위 API 반환정보 확인
2026-07-08 16:47:31,0088M0-구주보호예수-1M-2026-04-27,0088M0,메쥬,api_return_qty,1665384,26000,금융위 API 반환정보 확인
2026-07-08 16:47:31,0088M0-구주보호예수-3M-2026-06-26,0088M0,메쥬,api_return_qty,20400,108520,금융위 API 반환정보 확인
2026-07-08 16:47:31,0088M0-구주보호예수-3M-2026-06-26,0088M0,메쥬,api_return_qty,108520,40350,금융위 API 반환정보 확인
2026-07-08 16:47:31,0088M0-구주보호예수-3M-2026-06-26,0088M0,메쥬,api_return_qty,40350,20400,금융위 API 반환정보 확인
2026-07-08 16:47:32,394420-구주보호예수-보호예수-2026-05-04,394420,리센스메디컬,api_return_qty,1458791,680097,금융위 API 반환정보 확인
2026-07-08 16:47:32,394420-구주보호예수-보호예수-2026-05-04,394420,리센스메디컬,api_return_qty,680097,112630,금융위 API 반환정보 확인
2026-07-08 16:47:32,394420-구주보호예수-보호예수-2026-05-04,394420,리센스메디컬,api_return_qty,112630,1458791,금융위 API 반환정보 확인
2026-07-08 16:47:32,394420-구주보호예수-2M-2026-06-01,394420,리센스메디컬,api_return_qty,972528,236385,금융위 API 반환정보 확인
2026-07-08 16:47:32,394420-구주보호예수-2M-2026-06-01,394420,리센스메디컬,api_return_qty,236385,37543,금융위 API 반환정보 확인
2026-07-08 16:47:32,394420-구주보호예수-2M-2026-06-01,394420,리센스메디컬,api_return_qty,37543,972528,금융위 API 반환정보 확인
2026-07-08 16:47:32,394420-구주보호예수-보호예수-2026-07-01,394420,리센스메디컬,api_return_qty,1040366,168547,금융위 API 반환정보 확인
2026-07-08 16:47:32,394420-구주보호예수-보호예수-2026-07-01,394420,리센스메디컬,api_return_qty,168547,37543,금융위 API 반환정보 확인
2026-07-08 16:47:32,394420-구주보호예수-보호예수-2026-07-01,394420,리센스메디컬,api_return_qty,37543,1040366,금융위 API 반환정보 확인
2026-07-08 16:47:33,0007J0-IPO기관-1M-2026-05-04,0007J0,인벤테라,api_return_qty,362798,262191,금융위 API 반환정보 확인
2026-07-08 16:47:33,0007J0-IPO기관-1M-2026-05-04,0007J0,인벤테라,api_return_qty,262191,362798,금융위 API 반환정보 확인
2026-07-08 16:47:33,0007J0-구주보호예수-보호예수-2026-06-02,0007J0,인벤테라,api_return_qty,362795,262190,금융위 API 반환정보 확인
2026-07-08 16:47:33,0007J0-구주보호예수-보호예수-2026-06-02,0007J0,인벤테라,api_return_qty,262190,362795,금융위 API 반환정보 확인
2026-07-08 16:47:33,0007J0-IPO기관-3M-2026-07-02,0007J0,인벤테라,api_return_qty,35400,262190,금융위 API 반환정보 확인
2026-07-08 16:47:33,0007J0-IPO기관-3M-2026-07-02,0007J0,인벤테라,api_return_qty,262190,362790,금융위 API 반환정보 확인
2026-07-08 16:47:33,0007J0-IPO기관-3M-2026-07-02,0007J0,인벤테라,api_return_qty,362790,35400,금융위 API 반환정보 확인
2026-07-08 16:47:36,487580-구주보호예수-1M-2026-06-15,487580,폴레드,api_return_qty,2462316,174423,금융위 API 반환정보 확인
2026-07-08 16:47:36,487580-구주보호예수-1M-2026-06-15,487580,폴레드,api_return_qty,174423,581400,금융위 API 반환정보 확인
2026-07-08 16:47:36,487580-구주보호예수-1M-2026-06-15,487580,폴레드,api_return_qty,581400,2462316,금융위 API 반환정보 확인
2026-07-08 16:47:37,477850-구주보호예수-1M-2026-06-22,477850,마키나락스,api_return_qty,332459,121640,금융위 API 반환정보 확인
2026-07-08 16:47:37,477850-구주보호예수-1M-2026-06-22,477850,마키나락스,api_return_qty,121640,332459,금융위 API 반환정보 확인
2026-07-08 19:30:42,0001A0-IPO기관-15D-2026-02-19,0001A0,덕양에너젠,final_date,2026-02-19,2026-02-14,최종표시일 재계산
2026-07-08 19:30:42,0001A0-IPO기관-1M-2026-03-03,0001A0,덕양에너젠,final_date,2026-03-03,2026-02-28,최종표시일 재계산
2026-07-08 19:30:42,0001A0-구주보호예수-12M-2027-02-01,0001A0,덕양에너젠,final_date,2027-02-01,2027-01-30,최종표시일 재계산
2026-07-08 19:30:42,0001A0-구주보호예수-30M-2028-07-31,0001A0,덕양에너젠,final_date,2028-07-31,2028-07-30,최종표시일 재계산
2026-07-08 19:30:47,279570-IPO기관-1M-2026-04-06,279570,케이뱅크,final_date,2026-04-06,2026-04-05,최종표시일 재계산
2026-07-08 19:30:47,279570-IPO기관-6M-2026-09-07,279570,케이뱅크,final_date,2026-09-07,2026-09-05,최종표시일 재계산
2026-07-08 19:30:47,279570-구주보호예수-6M-2026-09-07,279570,케이뱅크,final_date,2026-09-07,2026-09-05,최종표시일 재계산
2026-07-08 19:30:50,0011A0-구주보호예수-1M-2026-04-09,0011A0,액스비스,api_return_qty,524543,111687,금융위 API 반환정보 확인
2026-07-08 19:30:50,0011A0-구주보호예수-1M-2026-04-09,0011A0,액스비스,api_return_qty,111687,524543,금융위 API 반환정보 확인
2026-07-08 19:30:50,0011A0-구주보호예수-30M-2028-09-11,0011A0,액스비스,final_date,2028-09-11,2028-09-09,최종표시일 재계산
2026-07-08 19:30:51,0082N0-구주보호예수-1M-2026-04-16,0082N0,카나프테라퓨틱스,api_return_qty,776269,1252672,금융위 API 반환정보 확인
2026-07-08 19:30:51,0082N0-구주보호예수-1M-2026-04-16,0082N0,카나프테라퓨틱스,api_return_qty,1252672,776269,금융위 API 반환정보 확인
2026-07-08 19:30:51,0082N0-구주보호예수-3M-2026-06-16,0082N0,카나프테라퓨틱스,api_return_qty,50000,1252671,금융위 API 반환정보 확인
2026-07-08 19:30:51,0082N0-구주보호예수-3M-2026-06-16,0082N0,카나프테라퓨틱스,api_return_qty,1252671,776260,금융위 API 반환정보 확인
2026-07-08 19:30:51,0082N0-구주보호예수-3M-2026-06-16,0082N0,카나프테라퓨틱스,api_return_qty,776260,50000,금융위 API 반환정보 확인
2026-07-08 19:30:55,408470-구주보호예수-1M-2026-04-27,408470,한패스,api_return_qty,180123,969830,금융위 API 반환정보 확인
2026-07-08 19:30:55,408470-구주보호예수-1M-2026-04-27,408470,한패스,api_return_qty,969830,180123,금융위 API 반환정보 확인
2026-07-08 19:30:55,408470-구주보호예수-3M-2026-06-25,408470,한패스,api_return_qty,6600,368837,금융위 API 반환정보 확인
2026-07-08 19:30:55,408470-구주보호예수-3M-2026-06-25,408470,한패스,api_return_qty,368837,6600,금융위 API 반환정보 확인
2026-07-08 19:30:55,408470-IPO기관-1M-2026-04-27,408470,한패스,final_date,2026-04-27,2026-04-25,최종표시일 재계산
2026-07-08 19:30:55,408470-IPO기관-6M-2026-09-29,408470,한패스,final_date,2026-09-29,2026-09-25,최종표시일 재계산
2026-07-08 19:30:55,408470-구주보호예수-6M-2026-09-29,408470,한패스,final_date,2026-09-29,2026-09-25,최종표시일 재계산
2026-07-08 19:30:55,408470-구주보호예수-2Y-2028-03-27,408470,한패스,final_date,2028-03-27,2028-03-25,최종표시일 재계산
2026-07-08 19:30:56,0088M0-구주보호예수-1M-2026-04-27,0088M0,메쥬,api_return_qty,26000,348700,금융위 API 반환정보 확인
2026-07-08 19:30:56,0088M0-구주보호예수-1M-2026-04-27,0088M0,메쥬,api_return_qty,348700,1665384,금융위 API 반환정보 확인
2026-07-08 19:30:56,0088M0-구주보호예수-1M-2026-04-27,0088M0,메쥬,api_return_qty,1665384,26000,금융위 API 반환정보 확인
2026-07-08 19:30:56,0088M0-구주보호예수-3M-2026-06-26,0088M0,메쥬,api_return_qty,20400,108520,금융위 API 반환정보 확인
2026-07-08 19:30:56,0088M0-구주보호예수-3M-2026-06-26,0088M0,메쥬,api_return_qty,108520,40350,금융위 API 반환정보 확인
2026-07-08 19:30:56,0088M0-구주보호예수-3M-2026-06-26,0088M0,메쥬,api_return_qty,40350,20400,금융위 API 반환정보 확인
2026-07-08 19:30:56,0088M0-IPO기관-1M-2026-04-27,0088M0,메쥬,final_date,2026-04-27,2026-04-26,최종표시일 재계산
2026-07-08 19:30:56,0088M0-IPO기관-6M-2026-09-29,0088M0,메쥬,final_date,2026-09-29,2026-09-26,최종표시일 재계산
2026-07-08 19:30:56,0088M0-구주보호예수-2Y-2028-03-27,0088M0,메쥬,final_date,2028-03-27,2028-03-26,최종표시일 재계산
2026-07-08 19:30:57,394420-구주보호예수-보호예수-2026-05-04,394420,리센스메디컬,api_return_qty,1458791,680097,금융위 API 반환정보 확인
2026-07-08 19:30:57,394420-구주보호예수-보호예수-2026-05-04,394420,리센스메디컬,api_return_qty,680097,112630,금융위 API 반환정보 확인
2026-07-08 19:30:57,394420-구주보호예수-보호예수-2026-05-04,394420,리센스메디컬,api_return_qty,112630,1458791,금융위 API 반환정보 확인
2026-07-08 19:30:57,394420-구주보호예수-2M-2026-06-01,394420,리센스메디컬,api_return_qty,972528,236385,금융위 API 반환정보 확인
2026-07-08 19:30:57,394420-구주보호예수-2M-2026-06-01,394420,리센스메디컬,api_return_qty,236385,37543,금융위 API 반환정보 확인
2026-07-08 19:30:57,394420-구주보호예수-2M-2026-06-01,394420,리센스메디컬,api_return_qty,37543,972528,금융위 API 반환정보 확인
2026-07-08 19:30:57,394420-구주보호예수-보호예수-2026-07-01,394420,리센스메디컬,api_return_qty,1040366,168547,금융위 API 반환정보 확인
2026-07-08 19:30:57,394420-구주보호예수-보호예수-2026-07-01,394420,리센스메디컬,api_return_qty,168547,37543,금융위 API 반환정보 확인
2026-07-08 19:30:57,394420-구주보호예수-보호예수-2026-07-01,394420,리센스메디컬,api_return_qty,37543,1040366,금융위 API 반환정보 확인
2026-07-08 19:31:03,487580-구주보호예수-1M-2026-06-15,487580,폴레드,api_return_qty,2462316,174423,금융위 API 반환정보 확인
2026-07-08 19:31:03,487580-구주보호예수-1M-2026-06-15,487580,폴레드,api_return_qty,174423,581400,금융위 API 반환정보 확인
2026-07-08 19:31:03,487580-구주보호예수-1M-2026-06-15,487580,폴레드,api_return_qty,581400,2462316,금융위 API 반환정보 확인
2026-07-08 19:31:03,487580-IPO기관-1M-2026-06-15,487580,폴레드,final_date,2026-06-15,2026-06-14,최종표시일 재계산
2026-07-08 19:31:03,487580-IPO기관-6M-2026-11-16,487580,폴레드,final_date,2026-11-16,2026-11-14,최종표시일 재계산
2026-07-08 19:31:03,487580-구주보호예수-6M-2026-11-16,487580,폴레드,final_date,2026-11-16,2026-11-14,최종표시일 재계산
2026-07-08 19:31:04,477850-구주보호예수-1M-2026-06-22,477850,마키나락스,api_return_qty,332459,121640,금융위 API 반환정보 확인
2026-07-08 19:31:04,477850-구주보호예수-1M-2026-06-22,477850,마키나락스,api_return_qty,121640,332459,금융위 API 반환정보 확인
2026-07-08 19:31:04,477850-IPO기관-1M-2026-06-22,477850,마키나락스,final_date,2026-06-22,2026-06-20,최종표시일 재계산
2026-07-08 19:31:04,477850-구주보호예수-3Y-2029-05-21,477850,마키나락스,final_date,2029-05-21,2029-05-20,최종표시일 재계산
2026-07-08 19:31:11,475040-구주보호예수-3Y-2029-07-02,475040,스트라드비젼,final_date,2029-07-02,2029-06-30,최종표시일 재계산
2026-07-08 19:31:13,0039P0-IPO기관-1M-2026-08-03,0039P0,매드업,final_date,2026-08-03,2026-08-01,최종표시일 재계산
2026-07-08 19:31:13,0039P0-구주보호예수-1M-2026-08-03,0039P0,매드업,final_date,2026-08-03,2026-08-01,최종표시일 재계산
2026-07-08 19:31:13,0039P0-IPO기관-6M-2027-01-04,0039P0,매드업,final_date,2027-01-04,2027-01-01,최종표시일 재계산
2026-07-08 19:31:13,0039P0-구주보호예수-6M-2027-01-04,0039P0,매드업,final_date,2027-01-04,2027-01-01,최종표시일 재계산
2026-07-08 19:31:13,0039P0-구주보호예수-2Y-2028-07-03,0039P0,매드업,final_date,2028-07-03,2028-07-01,최종표시일 재계산
2026-07-09 17:37:18,0011A0-구주보호예수-1M-2026-04-09,0011A0,액스비스,api_return_qty,524543,636230,금융위 API 반환정보 확인(동일 반환일 합산)
2026-07-09 17:37:18,0011A0-구주보호예수-1M-2026-04-09,0011A0,액스비스,final_qty,524543,636230,최종표시수량 재계산
2026-07-09 17:37:19,0082N0-구주보호예수-1M-2026-04-16,0082N0,카나프테라퓨틱스,api_return_qty,776269,2028941,금융위 API 반환정보 확인(동일 반환일 합산)
2026-07-09 17:37:19,0082N0-구주보호예수-3M-2026-06-16,0082N0,카나프테라퓨틱스,api_return_qty,50000,2078931,금융위 API 반환정보 확인(동일 반환일 합산)
2026-07-09 17:37:19,0082N0-구주보호예수-1M-2026-04-16,0082N0,카나프테라퓨틱스,final_qty,776269,2028941,최종표시수량 재계산
2026-07-09 17:37:19,0082N0-구주보호예수-3M-2026-06-16,0082N0,카나프테라퓨틱스,final_qty,50000,2078931,최종표시수량 재계산
2026-07-09 17:37:21,493280-구주보호예수-3M-2026-06-22,493280,아이엠바이오로직스,api_return_qty,38461,3540037,금융위 API 반환정보 확인(동일 반환일 합산)
2026-07-09 17:37:21,493280-IPO기관-15D-2026-04-06,493280,아이엠바이오로직스,final_date,2026-04-06,2026-04-04,최종표시일 재계산
2026-07-09 17:37:21,493280-IPO기관-3M-2026-06-22,493280,아이엠바이오로직스,final_date,2026-06-22,2026-06-20,최종표시일 재계산
2026-07-09 17:37:21,493280-구주보호예수-3M-2026-06-22,493280,아이엠바이오로직스,final_qty,38461,3540037,최종표시수량 재계산
2026-07-09 17:37:21,493280-IPO기관-6M-2026-09-21,493280,아이엠바이오로직스,final_date,2026-09-21,2026-09-20,최종표시일 재계산
2026-07-09 17:37:21,493280-구주보호예수-6M-2026-09-21,493280,아이엠바이오로직스,final_date,2026-09-21,2026-09-20,최종표시일 재계산
2026-07-09 17:37:21,493280-구주보호예수-1Y-2027-03-22,493280,아이엠바이오로직스,final_date,2027-03-22,2027-03-20,최종표시일 재계산
2026-07-09 17:37:22,0088M0-구주보호예수-1M-2026-04-27,0088M0,메쥬,api_return_qty,26000,2040084,금융위 API 반환정보 확인(동일 반환일 합산)
2026-07-09 17:37:22,0088M0-구주보호예수-3M-2026-06-26,0088M0,메쥬,api_return_qty,20400,169270,금융위 API 반환정보 확인(동일 반환일 합산)
2026-07-09 17:37:22,0088M0-구주보호예수-1M-2026-04-27,0088M0,메쥬,final_qty,26000,2040084,최종표시수량 재계산
2026-07-09 17:37:22,0088M0-구주보호예수-3M-2026-06-26,0088M0,메쥬,final_qty,20400,169270,최종표시수량 재계산
2026-07-09 17:37:23,394420-구주보호예수-1M-2026-04-30,394420,리센스메디컬,api_return_date,,2026-05-04,금융위 API 반환정보 확인
2026-07-09 17:37:23,394420-구주보호예수-1M-2026-04-30,394420,리센스메디컬,api_return_qty,,2251518,금융위 API 반환정보 확인(동일 반환일 합산)
2026-07-09 17:37:23,394420-구주보호예수-2M-2026-06-01,394420,리센스메디컬,api_return_qty,972528,1246456,금융위 API 반환정보 확인(동일 반환일 합산)
2026-07-09 17:37:23,394420-구주보호예수-3M-2026-06-30,394420,리센스메디컬,api_return_date,,2026-07-01,금융위 API 반환정보 확인
2026-07-09 17:37:23,394420-구주보호예수-3M-2026-06-30,394420,리센스메디컬,api_return_qty,,1246456,금융위 API 반환정보 확인(동일 반환일 합산)
2026-07-09 17:37:23,394420-구주보호예수-1M-2026-04-30,394420,리센스메디컬,final_date,2026-04-30,2026-05-04,최종표시일 재계산
2026-07-09 17:37:23,394420-구주보호예수-2M-2026-06-01,394420,리센스메디컬,final_qty,972528,1246456,최종표시수량 재계산
2026-07-09 17:37:23,394420-구주보호예수-3M-2026-06-30,394420,리센스메디컬,final_date,2026-06-30,2026-07-01,최종표시일 재계산
2026-07-09 17:37:24,0007J0-IPO기관-1M-2026-05-04,0007J0,인벤테라,api_return_qty,362798,624989,금융위 API 반환정보 확인(동일 반환일 합산)
2026-07-09 17:37:24,0007J0-구주보호예수-보호예수-2026-06-02,0007J0,인벤테라,event,,API 단독 이벤트 추가,금융위 API 반환정보 신규 반영
2026-07-09 17:37:24,0007J0-IPO기관-3M-2026-07-02,0007J0,인벤테라,api_return_qty,35400,660380,금융위 API 반환정보 확인(동일 반환일 합산)
2026-07-09 17:37:24,0007J0-IPO기관-1M-2026-05-04,0007J0,인벤테라,final_qty,362798,624989,최종표시수량 재계산
2026-07-09 17:37:24,0007J0-IPO기관-3M-2026-07-02,0007J0,인벤테라,final_qty,35400,660380,최종표시수량 재계산
2026-07-09 17:37:27,439960-구주보호예수-2M-2026-07-13,439960,코스모로보틱스,final_date,2026-07-13,2026-07-11,최종표시일 재계산
2026-07-09 17:37:28,487580-구주보호예수-1M-2026-06-15,487580,폴레드,api_return_qty,2462316,3218139,금융위 API 반환정보 확인(동일 반환일 합산)
2026-07-09 17:37:28,487580-구주보호예수-1M-2026-06-15,487580,폴레드,final_qty,2462316,3218139,최종표시수량 재계산
2026-07-09 17:37:29,477850-구주보호예수-1M-2026-06-22,477850,마키나락스,api_return_qty,332459,454099,금융위 API 반환정보 확인(동일 반환일 합산)
2026-07-09 17:37:29,477850-구주보호예수-1M-2026-06-22,477850,마키나락스,final_qty,332459,454099,최종표시수량 재계산
2026-07-09 17:40:50,458350-IPO기관-15D-2026-03-23,458350,에스팀,final_date,2026-03-23,2026-03-21,최종표시일 재계산
2026-07-09 17:40:50,458350-IPO기관-6M-2026-09-07,458350,에스팀,final_date,2026-09-07,2026-09-06,최종표시일 재계산
2026-07-09 17:40:51,408470-구주보호예수-1M-2026-04-27,408470,한패스,api_return_qty,180123,1149953,금융위 API 반환정보 확인(동일 반환일 합산)
2026-07-09 17:40:51,408470-구주보호예수-3M-2026-06-25,408470,한패스,api_return_qty,6600,395237,금융위 API 반환정보 확인(동일 반환일 합산)
2026-07-09 17:40:51,408470-구주보호예수-1M-2026-04-27,408470,한패스,final_qty,180123,1149953,최종표시수량 재계산
2026-07-09 17:40:51,408470-구주보호예수-3M-2026-06-25,408470,한패스,final_qty,6600,395237,최종표시수량 재계산
2026-07-09 17:40:52,0117P0-IPO기관-1M-2026-07-08,0117P0,피스피스스튜디오,api_return_date,,2026-07-08,금융위 API 반환정보 확인
2026-07-09 17:40:52,0117P0-IPO기관-1M-2026-07-08,0117P0,피스피스스튜디오,api_return_qty,,634312,금융위 API 반환정보 확인(동일 반환일 합산)
2026-07-09 17:40:52,0117P0-IPO기관-1M-2026-07-08,0117P0,피스피스스튜디오,final_qty,191880,634312,최종표시수량 재계산
2026-07-09 17:40:52,0001A0-IPO기관-1M-2026-03-03,0001A0,덕양에너젠,final_date,2026-02-28,2026-03-03,같은 예정일의 API 실제 반환일로 정렬
2026-07-09 17:40:52,408470-IPO기관-1M-2026-04-27,408470,한패스,final_date,2026-04-25,2026-04-27,같은 예정일의 API 실제 반환일로 정렬
2026-07-09 17:40:52,0088M0-IPO기관-1M-2026-04-27,0088M0,메쥬,final_date,2026-04-26,2026-04-27,같은 예정일의 API 실제 반환일로 정렬
2026-07-09 17:40:52,394420-IPO기관-1M-2026-04-30,394420,리센스메디컬,final_date,2026-04-30,2026-05-04,같은 예정일의 API 실제 반환일로 정렬
2026-07-09 17:40:52,487580-IPO기관-1M-2026-06-15,487580,폴레드,final_date,2026-06-14,2026-06-15,같은 예정일의 API 실제 반환일로 정렬
2026-07-09 17:40:52,477850-IPO기관-1M-2026-06-22,477850,마키나락스,final_date,2026-06-20,2026-06-22,같은 예정일의 API 실제 반환일로 정렬
2026-07-09 17:40:52,493280-IPO기관-3M-2026-06-22,493280,아이엠바이오로직스,final_date,2026-06-20,2026-06-22,같은 예정일의 API 실제 반환일로 정렬
2026-07-09 17:40:52,394420-IPO기관-3M-2026-06-30,394420,리센스메디컬,final_date,2026-06-30,2026-07-01,같은 예정일의 API 실제 반환일로 정렬
2026-07-10 20:25:38,217590-구주보호예수-보호예수-2026-04-17,217590,티엠씨,event,,API 단독 이벤트 추가,금융위 API 반환정보 신규 반영
2026-07-10 20:25:42,483650-구주보호예수-보호예수-2025-06-23,483650,달바글로벌,event,,API 단독 이벤트 추가,금융위 API 반환정보 신규 반영
2026-07-10 20:25:42,483650-구주보호예수-보호예수-2025-08-22,483650,달바글로벌,event,,API 단독 이벤트 추가,금융위 API 반환정보 신규 반영
2026-07-10 20:25:42,483650-구주보호예수-보호예수-2025-11-24,483650,달바글로벌,event,,API 단독 이벤트 추가,금융위 API 반환정보 신규 반영
2026-07-10 20:25:42,483650-구주보호예수-보호예수-2026-05-22,483650,달바글로벌,event,,API 단독 이벤트 추가,금융위 API 반환정보 신규 반영
2026-07-10 20:25:46,031210-구주보호예수-보호예수-2026-03-16,031210,서울보증보험,event,,API 단독 이벤트 추가,금융위 API 반환정보 신규 반영
2026-07-10 20:25:51,484870-구주보호예수-보호예수-2025-12-16,484870,엠앤씨솔루션,event,,API 단독 이벤트 추가,금융위 API 반환정보 신규 반영
2026-07-10 20:25:54,079900-구주보호예수-보호예수-2024-10-11,079900,전진건설로봇,event,,API 단독 이벤트 추가,금융위 API 반환정보 신규 반영
2026-07-10 20:25:54,079900-구주보호예수-보호예수-2025-02-19,079900,전진건설로봇,event,,API 단독 이벤트 추가,금융위 API 반환정보 신규 반영
2026-07-10 20:25:56,062040-구주보호예수-보호예수-2025-01-31,062040,산일전기,event,,API 단독 이벤트 추가,금융위 API 반환정보 신규 반영
2026-07-10 20:25:58,462870-구주보호예수-보호예수-2025-01-13,462870,시프트업,event,,API 단독 이벤트 추가,금융위 API 반환정보 신규 반영
2026-07-10 20:25:58,462870-구주보호예수-보호예수-2025-07-11,462870,시프트업,event,,API 단독 이벤트 추가,금융위 API 반환정보 신규 반영
2026-07-10 20:26:11,0007J0-구주보호예수-보호예수-2026-06-02,0007J0,인벤테라,event,,API 단독 이벤트 추가,금융위 API 반환정보 신규 반영
2026-07-10 20:26:21,491000-구주보호예수-보호예수-2026-02-24,491000,리브스메드,event,,API 단독 이벤트 추가,금융위 API 반환정보 신규 반영
2026-07-10 20:26:24,0013V0-구주보호예수-보호예수-2026-01-22,0013V0,삼진식품,event,,API 단독 이벤트 추가,금융위 API 반환정보 신규 반영
2026-07-10 20:26:24,0013V0-구주보호예수-보호예수-2026-03-23,0013V0,삼진식품,event,,API 단독 이벤트 추가,금융위 API 반환정보 신규 반영
2026-07-10 20:26:27,476830-구주보호예수-보호예수-2025-07-24,476830,알지노믹스,event,,API 단독 이벤트 추가,금융위 API 반환정보 신규 반영
2026-07-10 20:26:30,261520-구주보호예수-보호예수-2016-03-04,261520,이지스,event,,API 단독 이벤트 추가,금융위 API 반환정보 신규 반영
2026-07-10 20:26:30,261520-구주보호예수-보호예수-2016-08-29,261520,이지스,event,,API 단독 이벤트 추가,금융위 API 반환정보 신규 반영
2026-07-10 20:26:30,261520-구주보호예수-보호예수-2016-08-29,261520,이지스,api_return_date,2016-08-29,2016-08-31,금융위 API 반환정보 확인
2026-07-10 20:26:30,261520-구주보호예수-보호예수-2016-08-29,261520,이지스,api_return_qty,482850,293300,금융위 API 반환정보 확인(동일 반환일 합산)
2026-07-10 20:26:30,261520-구주보호예수-보호예수-2016-09-01,261520,이지스,event,,API 단독 이벤트 추가,금융위 API 반환정보 신규 반영
2026-07-10 20:26:30,261520-구주보호예수-보호예수-2016-09-01,261520,이지스,api_return_date,2016-09-01,2016-09-05,금융위 API 반환정보 확인
2026-07-10 20:26:30,261520-구주보호예수-보호예수-2016-09-01,261520,이지스,api_return_qty,1340650,266600,금융위 API 반환정보 확인(동일 반환일 합산)
2026-07-10 20:26:30,261520-구주보호예수-보호예수-2018-02-08,261520,이지스,event,,API 단독 이벤트 추가,금융위 API 반환정보 신규 반영
2026-07-10 20:26:30,261520-구주보호예수-보호예수-2018-03-13,261520,이지스,event,,API 단독 이벤트 추가,금융위 API 반환정보 신규 반영
2026-07-10 20:26:30,261520-구주보호예수-보호예수-2018-03-19,261520,이지스,event,,API 단독 이벤트 추가,금융위 API 반환정보 신규 반영
2026-07-10 20:26:30,261520-구주보호예수-보호예수-2018-03-19,261520,이지스,api_return_date,2018-03-19,2018-03-20,금융위 API 반환정보 확인
2026-07-10 20:26:30,261520-구주보호예수-보호예수-2018-03-19,261520,이지스,api_return_qty,458800,13589900,금융위 API 반환정보 확인(동일 반환일 합산)
2026-07-10 20:26:30,261520-구주보호예수-보호예수-2018-03-22,261520,이지스,event,,API 단독 이벤트 추가,금융위 API 반환정보 신규 반영
2026-07-10 20:26:30,261520-구주보호예수-보호예수-2019-08-28,261520,이지스,event,,API 단독 이벤트 추가,금융위 API 반환정보 신규 반영
2026-07-10 20:26:30,261520-구주보호예수-보호예수-2019-09-19,261520,이지스,event,,API 단독 이벤트 추가,금융위 API 반환정보 신규 반영
2026-07-10 20:26:30,261520-구주보호예수-보호예수-2019-09-27,261520,이지스,event,,API 단독 이벤트 추가,금융위 API 반환정보 신규 반영
2026-07-10 20:26:30,261520-구주보호예수-보호예수-2019-10-23,261520,이지스,event,,API 단독 이벤트 추가,금융위 API 반환정보 신규 반영
2026-07-10 20:26:30,261520-구주보호예수-보호예수-2020-09-21,261520,이지스,event,,API 단독 이벤트 추가,금융위 API 반환정보 신규 반영
2026-07-10 20:26:30,261520-구주보호예수-보호예수-2021-01-18,261520,이지스,event,,API 단독 이벤트 추가,금융위 API 반환정보 신규 반영
2026-07-10 20:26:30,261520-구주보호예수-보호예수-2021-02-05,261520,이지스,event,,API 단독 이벤트 추가,금융위 API 반환정보 신규 반영
2026-07-10 20:26:30,261520-구주보호예수-보호예수-2021-06-03,261520,이지스,event,,API 단독 이벤트 추가,금융위 API 반환정보 신규 반영
2026-07-10 20:26:30,261520-구주보호예수-보호예수-2022-12-14,261520,이지스,event,,API 단독 이벤트 추가,금융위 API 반환정보 신규 반영
2026-07-10 20:26:30,261520-구주보호예수-보호예수-2023-06-23,261520,이지스,event,,API 단독 이벤트 추가,금융위 API 반환정보 신규 반영
2026-07-10 20:26:30,261520-구주보호예수-보호예수-2023-07-11,261520,이지스,event,,API 단독 이벤트 추가,금융위 API 반환정보 신규 반영
2026-07-10 20:26:36,388210-구주보호예수-보호예수-2026-01-20,388210,씨엠티엑스,event,,API 단독 이벤트 추가,금융위 API 반환정보 신규 반영
2026-07-10 20:26:42,469610-구주보호예수-보호예수-2025-12-08,469610,이노테크,event,,API 단독 이벤트 추가,금융위 API 반환정보 신규 반영
2026-07-10 20:26:42,469610-구주보호예수-보호예수-2026-01-07,469610,이노테크,event,,API 단독 이벤트 추가,금융위 API 반환정보 신규 반영
2026-07-10 20:26:42,469610-구주보호예수-보호예수-2026-02-09,469610,이노테크,event,,API 단독 이벤트 추가,금융위 API 반환정보 신규 반영
2026-07-10 20:26:42,469610-구주보호예수-보호예수-2026-05-07,469610,이노테크,event,,API 단독 이벤트 추가,금융위 API 반환정보 신규 반영
2026-07-10 20:26:46,488280-구주보호예수-1M-2025-10-20,488280,에스투더블유,api_return_date,,2025-10-20,금융위 API 반환정보 확인
2026-07-10 20:26:46,488280-구주보호예수-1M-2025-10-20,488280,에스투더블유,api_return_qty,,1377612,금융위 API 반환정보 확인(동일 반환일 합산)
2026-07-10 20:26:46,488280-구주보호예수-2M-2025-11-19,488280,에스투더블유,api_return_date,,2025-11-19,금융위 API 반환정보 확인
2026-07-10 20:26:46,488280-구주보호예수-2M-2025-11-19,488280,에스투더블유,api_return_qty,,1297603,금융위 API 반환정보 확인(동일 반환일 합산)
2026-07-10 20:26:46,488280-구주보호예수-3M-2025-12-19,488280,에스투더블유,api_return_date,,2025-12-19,금융위 API 반환정보 확인
2026-07-10 20:26:46,488280-구주보호예수-3M-2025-12-19,488280,에스투더블유,api_return_qty,,912467,금융위 API 반환정보 확인(동일 반환일 합산)
2026-07-10 20:26:48,318060-구주보호예수-보호예수-2019-10-30,318060,그래피,event,,API 단독 이벤트 추가,금융위 API 반환정보 신규 반영
2026-07-10 20:26:48,318060-구주보호예수-보호예수-2022-09-13,318060,그래피,event,,API 단독 이벤트 추가,금융위 API 반환정보 신규 반영
2026-07-10 20:26:48,318060-구주보호예수-1M-2025-09-25,318060,그래피,api_return_date,,2025-09-25,금융위 API 반환정보 확인
2026-07-10 20:26:48,318060-구주보호예수-1M-2025-09-25,318060,그래피,api_return_qty,,2233635,금융위 API 반환정보 확인(동일 반환일 합산)
2026-07-10 20:26:48,318060-구주보호예수-3M-2025-11-25,318060,그래피,api_return_date,,2025-11-25,금융위 API 반환정보 확인
2026-07-10 20:26:48,318060-구주보호예수-3M-2025-11-25,318060,그래피,api_return_qty,,1212260,금융위 API 반환정보 확인(동일 반환일 합산)
2026-07-10 20:26:48,318060-구주보호예수-보호예수-2025-12-26,318060,그래피,event,,API 단독 이벤트 추가,금융위 API 반환정보 신규 반영
2026-07-10 20:26:48,318060-구주보호예수-6M-2026-02-25,318060,그래피,api_return_date,,2026-02-25,금융위 API 반환정보 확인
2026-07-10 20:26:48,318060-구주보호예수-6M-2026-02-25,318060,그래피,api_return_qty,,10369,금융위 API 반환정보 확인(동일 반환일 합산)
2026-07-10 20:26:49,0010V0-구주보호예수-보호예수-2025-08-11,0010V0,제이피아이헬스케어,event,,API 단독 이벤트 추가,금융위 API 반환정보 신규 반영
2026-07-10 20:26:51,125490-구주보호예수-1M-2025-09-22,125490,한라캐스트,api_return_date,,2025-09-22,금융위 API 반환정보 확인
2026-07-10 20:26:51,125490-구주보호예수-1M-2025-09-22,125490,한라캐스트,api_return_qty,,4569534,금융위 API 반환정보 확인(동일 반환일 합산)
2026-07-10 20:26:51,125490-구주보호예수-3M-2025-11-20,125490,한라캐스트,api_return_date,,2025-11-20,금융위 API 반환정보 확인
2026-07-10 20:26:51,125490-구주보호예수-3M-2025-11-20,125490,한라캐스트,api_return_qty,,172413,금융위 API 반환정보 확인(동일 반환일 합산)
2026-07-10 20:26:51,125490-구주보호예수-6M-2026-02-20,125490,한라캐스트,api_return_date,,2026-02-20,금융위 API 반환정보 확인
2026-07-10 20:26:51,125490-구주보호예수-6M-2026-02-20,125490,한라캐스트,api_return_qty,,3471150,금융위 API 반환정보 확인(동일 반환일 합산)
2026-07-10 20:26:54,0008Z0-구주보호예수-3M-2025-11-19,0008Z0,에스엔시스,api_return_date,,2025-11-19,금융위 API 반환정보 확인
2026-07-10 20:26:54,0008Z0-구주보호예수-3M-2025-11-19,0008Z0,에스엔시스,api_return_qty,,33333,금융위 API 반환정보 확인(동일 반환일 합산)
2026-07-10 20:26:54,0008Z0-구주보호예수-6M-2026-02-19,0008Z0,에스엔시스,api_return_date,,2026-02-19,금융위 API 반환정보 확인
2026-07-10 20:26:54,0008Z0-구주보호예수-6M-2026-02-19,0008Z0,에스엔시스,api_return_qty,,908517,금융위 API 반환정보 확인(동일 반환일 합산)
2026-07-10 20:26:57,456160-구주보호예수-1M-2025-09-15,456160,지투지바이오,api_return_date,,2025-09-15,금융위 API 반환정보 확인
2026-07-10 20:26:57,456160-구주보호예수-1M-2025-09-15,456160,지투지바이오,api_return_qty,,2105770,금융위 API 반환정보 확인(동일 반환일 합산)
2026-07-10 20:26:57,456160-구주보호예수-3M-2025-11-14,456160,지투지바이오,api_return_date,,2025-11-14,금융위 API 반환정보 확인
2026-07-10 20:26:57,456160-구주보호예수-3M-2025-11-14,456160,지투지바이오,api_return_qty,,17242,금융위 API 반환정보 확인(동일 반환일 합산)
2026-07-10 20:26:57,456160-구주보호예수-보호예수-2025-11-25,456160,지투지바이오,event,,API 단독 이벤트 추가,금융위 API 반환정보 신규 반영
2026-07-10 20:26:59,309710-구주보호예수-보호예수-2025-06-05,309710,아이티켐,event,,API 단독 이벤트 추가,금융위 API 반환정보 신규 반영
2026-07-10 20:27:02,475230-구주보호예수-보호예수-2024-10-30,475230,엔알비,event,,API 단독 이벤트 추가,금융위 API 반환정보 신규 반영
2026-07-10 20:27:02,475230-구주보호예수-보호예수-2025-04-30,475230,엔알비,event,,API 단독 이벤트 추가,금융위 API 반환정보 신규 반영
2026-07-10 20:27:02,475230-구주보호예수-보호예수-2025-09-29,475230,엔알비,event,,API 단독 이벤트 추가,금융위 API 반환정보 신규 반영
2026-07-10 20:27:04,380550-구주보호예수-1M-2025-08-25,380550,뉴로핏,api_return_date,,2025-08-25,금융위 API 반환정보 확인
2026-07-10 20:27:04,380550-구주보호예수-1M-2025-08-25,380550,뉴로핏,api_return_qty,,2150358,금융위 API 반환정보 확인(동일 반환일 합산)
2026-07-10 20:27:04,380550-구주보호예수-3M-2025-10-27,380550,뉴로핏,api_return_date,,2025-10-27,금융위 API 반환정보 확인
2026-07-10 20:27:04,380550-구주보호예수-3M-2025-10-27,380550,뉴로핏,api_return_qty,,2210376,금융위 API 반환정보 확인(동일 반환일 합산)
2026-07-10 20:27:06,484120-구주보호예수-1M-2025-08-25,484120,도우인시스,api_return_date,,2025-08-25,금융위 API 반환정보 확인
2026-07-10 20:27:06,484120-구주보호예수-1M-2025-08-25,484120,도우인시스,api_return_qty,,22100,금융위 API 반환정보 확인(동일 반환일 합산)
2026-07-10 20:27:06,484120-구주보호예수-3M-2025-10-23,484120,도우인시스,api_return_date,,2025-10-23,금융위 API 반환정보 확인
2026-07-10 20:27:06,484120-구주보호예수-3M-2025-10-23,484120,도우인시스,api_return_qty,,31250,금융위 API 반환정보 확인(동일 반환일 합산)
2026-07-10 20:27:06,484120-구주보호예수-6M-2026-01-23,484120,도우인시스,api_return_date,,2026-01-23,금융위 API 반환정보 확인
2026-07-10 20:27:06,484120-구주보호예수-6M-2026-01-23,484120,도우인시스,api_return_qty,,2664265,금융위 API 반환정보 확인(동일 반환일 합산)
2026-07-10 20:27:06,484120-구주보호예수-보호예수-2026-03-31,484120,도우인시스,event,,API 단독 이벤트 추가,금융위 API 반환정보 신규 반영
2026-07-10 20:27:09,331740-구주보호예수-보호예수-2025-07-04,331740,아우토크립트,event,,API 단독 이벤트 추가,금융위 API 반환정보 신규 반영
2026-07-10 20:27:09,331740-구주보호예수-보호예수-2025-08-18,331740,아우토크립트,event,,API 단독 이벤트 추가,금융위 API 반환정보 신규 반영
2026-07-10 20:27:09,331740-구주보호예수-보호예수-2025-10-15,331740,아우토크립트,event,,API 단독 이벤트 추가,금융위 API 반환정보 신규 반영
2026-07-10 20:27:11,234030-구주보호예수-1M-2025-08-07,234030,싸이닉솔루션,api_return_date,,2025-08-07,금융위 API 반환정보 확인
2026-07-10 20:27:11,234030-구주보호예수-1M-2025-08-07,234030,싸이닉솔루션,api_return_qty,,875000,금융위 API 반환정보 확인(동일 반환일 합산)
2026-07-10 20:27:11,234030-구주보호예수-3M-2025-10-10,234030,싸이닉솔루션,api_return_date,,2025-10-10,금융위 API 반환정보 확인
2026-07-10 20:27:11,234030-구주보호예수-3M-2025-10-10,234030,싸이닉솔루션,api_return_qty,,105000,금융위 API 반환정보 확인(동일 반환일 합산)
2026-07-10 20:27:11,234030-구주보호예수-6M-2026-01-07,234030,싸이닉솔루션,api_return_date,,2026-01-07,금융위 API 반환정보 확인
2026-07-10 20:27:11,234030-구주보호예수-6M-2026-01-07,234030,싸이닉솔루션,api_return_qty,,2285715,금융위 API 반환정보 확인(동일 반환일 합산)
2026-07-10 20:27:12,475430-구주보호예수-보호예수-2026-06-02,475430,키스트론,event,,API 단독 이벤트 추가,금융위 API 반환정보 신규 반영
2026-07-10 20:27:16,287840-구주보호예수-1M-2025-06-23,287840,인투셀,api_return_date,,2025-06-23,금융위 API 반환정보 확인
2026-07-10 20:27:16,287840-구주보호예수-1M-2025-06-23,287840,인투셀,api_return_qty,,3289891,금융위 API 반환정보 확인(동일 반환일 합산)
2026-07-10 20:27:16,287840-구주보호예수-3M-2025-08-25,287840,인투셀,api_return_date,,2025-08-25,금융위 API 반환정보 확인
2026-07-10 20:27:16,287840-구주보호예수-3M-2025-08-25,287840,인투셀,api_return_qty,,1660660,금융위 API 반환정보 확인(동일 반환일 합산)
2026-07-10 20:27:16,287840-구주보호예수-1Y-2026-05-26,287840,인투셀,api_return_date,,2026-05-26,금융위 API 반환정보 확인
2026-07-10 20:27:16,287840-구주보호예수-1Y-2026-05-26,287840,인투셀,api_return_qty,,311754,금융위 API 반환정보 확인(동일 반환일 합산)
2026-07-10 20:27:18,424870-구주보호예수-보호예수-2025-08-19,424870,이뮨온시아,event,,API 단독 이벤트 추가,금융위 API 반환정보 신규 반영
2026-07-10 20:27:18,424870-구주보호예수-보호예수-2026-05-19,424870,이뮨온시아,event,,API 단독 이벤트 추가,금융위 API 반환정보 신규 반영
2026-07-10 20:27:20,376900-구주보호예수-보호예수-2025-05-12,376900,로킷헬스케어,event,,API 단독 이벤트 추가,금융위 API 반환정보 신규 반영
2026-07-10 20:27:20,376900-구주보호예수-보호예수-2025-05-12,376900,로킷헬스케어,api_return_date,2025-05-12,2025-05-13,금융위 API 반환정보 확인
2026-07-10 20:27:20,376900-구주보호예수-보호예수-2025-05-12,376900,로킷헬스케어,api_return_qty,3851447,328676,금융위 API 반환정보 확인(동일 반환일 합산)
2026-07-10 20:27:20,376900-구주보호예수-보호예수-2025-05-12,376900,로킷헬스케어,api_return_date,2025-05-13,2025-05-14,금융위 API 반환정보 확인
2026-07-10 20:27:20,376900-구주보호예수-보호예수-2025-05-12,376900,로킷헬스케어,api_return_qty,328676,292807,금융위 API 반환정보 확인(동일 반환일 합산)
2026-07-10 20:27:20,376900-구주보호예수-1M-2025-06-12,376900,로킷헬스케어,api_return_date,,2025-06-12,금융위 API 반환정보 확인
2026-07-10 20:27:20,376900-구주보호예수-1M-2025-06-12,376900,로킷헬스케어,api_return_qty,,5212009,금융위 API 반환정보 확인(동일 반환일 합산)
2026-07-10 20:27:20,376900-구주보호예수-3M-2025-08-12,376900,로킷헬스케어,api_return_date,,2025-08-12,금융위 API 반환정보 확인
2026-07-10 20:27:20,376900-구주보호예수-3M-2025-08-12,376900,로킷헬스케어,api_return_qty,,46800,금융위 API 반환정보 확인(동일 반환일 합산)
2026-07-10 20:27:20,376900-구주보호예수-12M-2026-05-12,376900,로킷헬스케어,api_return_date,,2026-05-12,금융위 API 반환정보 확인
2026-07-10 20:27:20,376900-구주보호예수-12M-2026-05-12,376900,로킷헬스케어,api_return_qty,,653135,금융위 API 반환정보 확인(동일 반환일 합산)
2026-07-10 20:27:21,136150-구주보호예수-보호예수-2025-04-29,136150,원일티엔아이,event,,API 단독 이벤트 추가,금융위 API 반환정보 신규 반영
2026-07-10 20:27:23,459510-구주보호예수-보호예수-2025-06-09,459510,나우로보틱스,event,,API 단독 이벤트 추가,금융위 API 반환정보 신규 반영
2026-07-10 20:27:23,459510-구주보호예수-보호예수-2025-08-08,459510,나우로보틱스,event,,API 단독 이벤트 추가,금융위 API 반환정보 신규 반영
2026-07-10 20:27:23,459510-구주보호예수-보호예수-2026-05-08,459510,나우로보틱스,event,,API 단독 이벤트 추가,금융위 API 반환정보 신규 반영
2026-07-10 20:27:23,081180-구주보호예수-보호예수-2025-04-25,081180,쎄크,event,,API 단독 이벤트 추가,금융위 API 반환정보 신규 반영
2026-07-10 20:27:25,481070-구주보호예수-보호예수-2025-03-27,481070,에이유브랜즈,event,,API 단독 이벤트 추가,금융위 API 반환정보 신규 반영
2026-07-10 20:27:25,481070-구주보호예수-3M-2025-07-03,481070,에이유브랜즈,api_return_date,,2025-07-03,금융위 API 반환정보 확인
2026-07-10 20:27:25,481070-구주보호예수-3M-2025-07-03,481070,에이유브랜즈,api_return_qty,,2560000,금융위 API 반환정보 확인(동일 반환일 합산)
2026-07-10 20:27:25,481070-구주보호예수-6M-2025-10-10,481070,에이유브랜즈,api_return_date,,2025-10-10,금융위 API 반환정보 확인
2026-07-10 20:27:25,481070-구주보호예수-6M-2025-10-10,481070,에이유브랜즈,api_return_qty,,1600000,금융위 API 반환정보 확인(동일 반환일 합산)
2026-07-10 20:27:26,462860-구주보호예수-보호예수-2025-05-19,462860,더즌,event,,API 단독 이벤트 추가,금융위 API 반환정보 신규 반영
2026-07-10 20:27:28,444530-구주보호예수-1M-2025-04-21,444530,심플랫폼,api_return_date,,2025-04-21,금융위 API 반환정보 확인
2026-07-10 20:27:28,444530-구주보호예수-1M-2025-04-21,444530,심플랫폼,api_return_qty,,776573,금융위 API 반환정보 확인(동일 반환일 합산)
2026-07-10 20:27:28,444530-구주보호예수-3M-2025-06-23,444530,심플랫폼,api_return_date,,2025-06-23,금융위 API 반환정보 확인
2026-07-10 20:27:28,444530-구주보호예수-3M-2025-06-23,444530,심플랫폼,api_return_qty,,804173,금융위 API 반환정보 확인(동일 반환일 합산)
2026-07-10 20:27:28,444530-구주보호예수-1Y-2026-03-23,444530,심플랫폼,api_return_date,,2026-03-23,금융위 API 반환정보 확인
2026-07-10 20:27:28,444530-구주보호예수-1Y-2026-03-23,444530,심플랫폼,api_return_qty,,30440,금융위 API 반환정보 확인(동일 반환일 합산)
2026-07-10 20:27:29,098070-구주보호예수-보호예수-2025-06-20,098070,한텍,event,,API 단독 이벤트 추가,금융위 API 반환정보 신규 반영
2026-07-10 20:27:29,098070-구주보호예수-보호예수-2025-09-22,098070,한텍,event,,API 단독 이벤트 추가,금융위 API 반환정보 신규 반영
2026-07-10 20:27:31,393970-구주보호예수-보호예수-2025-04-07,393970,대진첨단소재,event,,API 단독 이벤트 추가,금융위 API 반환정보 신규 반영
2026-07-10 20:27:31,393970-구주보호예수-보호예수-2025-06-09,393970,대진첨단소재,event,,API 단독 이벤트 추가,금융위 API 반환정보 신규 반영
2026-07-10 20:27:31,393970-구주보호예수-보호예수-2025-09-08,393970,대진첨단소재,event,,API 단독 이벤트 추가,금융위 API 반환정보 신규 반영
2026-07-10 20:27:33,479960-구주보호예수-보호예수-2025-05-26,479960,위너스,event,,API 단독 이벤트 추가,금융위 API 반환정보 신규 반영
2026-07-10 20:27:33,479960-구주보호예수-보호예수-2026-02-24,479960,위너스,event,,API 단독 이벤트 추가,금융위 API 반환정보 신규 반영
2026-07-10 20:27:36,463480-구주보호예수-3M-2025-05-20,463480,모티브링크,api_return_date,,2025-05-20,금융위 API 반환정보 확인
2026-07-10 20:27:36,463480-구주보호예수-3M-2025-05-20,463480,모티브링크,api_return_qty,,90618,금융위 API 반환정보 확인(동일 반환일 합산)
2026-07-10 20:27:36,463480-구주보호예수-6M-2025-08-20,463480,모티브링크,api_return_date,,2025-08-20,금융위 API 반환정보 확인
2026-07-10 20:27:36,463480-구주보호예수-6M-2025-08-20,463480,모티브링크,api_return_qty,,8565050,금융위 API 반환정보 확인(동일 반환일 합산)
2026-07-10 20:27:36,303810-구주보호예수-보호예수-2025-08-29,303810,동국생명과학,event,,API 단독 이벤트 추가,금융위 API 반환정보 신규 반영
2026-07-10 20:27:37,475830-구주보호예수-보호예수-2025-01-16,475830,오름테라퓨틱,event,,API 단독 이벤트 추가,금융위 API 반환정보 신규 반영
2026-07-10 20:27:38,212710-구주보호예수-보호예수-2025-03-12,212710,아이에스티이,event,,API 단독 이벤트 추가,금융위 API 반환정보 신규 반영
2026-07-10 20:27:38,212710-구주보호예수-보호예수-2026-02-12,212710,아이에스티이,event,,API 단독 이벤트 추가,금융위 API 반환정보 신규 반영
2026-07-10 20:27:38,452450-구주보호예수-보호예수-2024-10-08,452450,피아이이,event,,API 단독 이벤트 추가,금융위 API 반환정보 신규 반영
2026-07-10 20:27:38,452450-구주보호예수-보호예수-2026-02-04,452450,피아이이,event,,API 단독 이벤트 추가,금융위 API 반환정보 신규 반영
2026-07-10 20:27:39,462980-구주보호예수-보호예수-2025-01-22,462980,아이지넷,event,,API 단독 이벤트 추가,금융위 API 반환정보 신규 반영
2026-07-10 20:27:43,373160-구주보호예수-1M-2025-02-24,373160,데이원컴퍼니,api_return_date,,2025-02-24,금융위 API 반환정보 확인
2026-07-10 20:27:43,373160-구주보호예수-1M-2025-02-24,373160,데이원컴퍼니,api_return_qty,,1930171,금융위 API 반환정보 확인(동일 반환일 합산)
2026-07-10 20:27:43,373160-구주보호예수-3M-2025-04-24,373160,데이원컴퍼니,api_return_date,,2025-04-24,금융위 API 반환정보 확인
2026-07-10 20:27:43,373160-구주보호예수-3M-2025-04-24,373160,데이원컴퍼니,api_return_qty,,1970286,금융위 API 반환정보 확인(동일 반환일 합산)
2026-07-10 20:27:43,373160-구주보호예수-6M-2025-07-24,373160,데이원컴퍼니,api_return_date,,2025-07-24,금융위 API 반환정보 확인
2026-07-10 20:27:43,373160-구주보호예수-6M-2025-07-24,373160,데이원컴퍼니,api_return_qty,,1861571,금융위 API 반환정보 확인(동일 반환일 합산)
2026-07-10 20:27:46,450950-구주보호예수-보호예수-2025-02-24,450950,아스테라시스,event,,API 단독 이벤트 추가,금융위 API 반환정보 신규 반영
2026-07-10 20:27:46,450950-구주보호예수-보호예수-2025-04-24,450950,아스테라시스,event,,API 단독 이벤트 추가,금융위 API 반환정보 신규 반영
2026-07-10 20:27:46,450950-구주보호예수-보호예수-2025-07-24,450950,아스테라시스,event,,API 단독 이벤트 추가,금융위 API 반환정보 신규 반영
2026-07-10 20:27:49,475460-구주보호예수-보호예수-2025-02-24,475460,미트박스,event,,API 단독 이벤트 추가,금융위 API 반환정보 신규 반영
2026-07-10 20:27:49,475460-구주보호예수-보호예수-2025-04-23,475460,미트박스,event,,API 단독 이벤트 추가,금융위 API 반환정보 신규 반영
2026-07-10 20:27:49,475460-구주보호예수-보호예수-2025-07-23,475460,미트박스,event,,API 단독 이벤트 추가,금융위 API 반환정보 신규 반영
2026-07-10 20:27:49,475460-구주보호예수-보호예수-2026-01-23,475460,미트박스,event,,API 단독 이벤트 추가,금융위 API 반환정보 신규 반영
2026-07-10 20:27:49,387570-구주보호예수-보호예수-2024-12-18,387570,파인메딕스,event,,API 단독 이벤트 추가,금융위 API 반환정보 신규 반영
2026-07-10 20:27:51,476060-구주보호예수-보호예수-2025-01-20,476060,온코닉테라퓨틱스,event,,API 단독 이벤트 추가,금융위 API 반환정보 신규 반영
2026-07-10 20:27:51,476060-구주보호예수-보호예수-2025-03-19,476060,온코닉테라퓨틱스,event,,API 단독 이벤트 추가,금융위 API 반환정보 신규 반영
2026-07-10 20:27:51,476060-구주보호예수-보호예수-2025-12-19,476060,온코닉테라퓨틱스,event,,API 단독 이벤트 추가,금융위 API 반환정보 신규 반영
2026-07-10 20:27:54,459100-구주보호예수-보호예수-2025-02-20,459100,위츠,event,,API 단독 이벤트 추가,금융위 API 반환정보 신규 반영
2026-07-10 20:27:54,459100-구주보호예수-보호예수-2025-05-20,459100,위츠,event,,API 단독 이벤트 추가,금융위 API 반환정보 신규 반영
2026-07-10 20:27:57,413390-구주보호예수-보호예수-2024-12-18,413390,엠오티,event,,API 단독 이벤트 추가,금융위 API 반환정보 신규 반영
2026-07-10 20:27:57,413390-구주보호예수-보호예수-2025-01-20,413390,엠오티,event,,API 단독 이벤트 추가,금융위 API 반환정보 신규 반영
2026-07-10 20:27:57,413390-구주보호예수-보호예수-2025-05-19,413390,엠오티,event,,API 단독 이벤트 추가,금융위 API 반환정보 신규 반영
2026-07-10 20:27:58,475660-구주보호예수-보호예수-2024-12-18,475660,에스켐,event,,API 단독 이벤트 추가,금융위 API 반환정보 신규 반영
2026-07-10 20:27:58,475660-구주보호예수-보호예수-2025-02-18,475660,에스켐,event,,API 단독 이벤트 추가,금융위 API 반환정보 신규 반영
2026-07-10 20:27:58,475660-구주보호예수-보호예수-2025-05-19,475660,에스켐,event,,API 단독 이벤트 추가,금융위 API 반환정보 신규 반영
2026-07-10 20:28:01,464580-구주보호예수-보호예수-2024-12-13,464580,닷밀,event,,API 단독 이벤트 추가,금융위 API 반환정보 신규 반영
2026-07-10 20:28:01,464580-구주보호예수-보호예수-2025-02-13,464580,닷밀,event,,API 단독 이벤트 추가,금융위 API 반환정보 신규 반영
2026-07-10 20:28:01,464580-구주보호예수-보호예수-2025-05-13,464580,닷밀,event,,API 단독 이벤트 추가,금융위 API 반환정보 신규 반영
2026-07-10 20:28:01,464580-구주보호예수-보호예수-2025-11-13,464580,닷밀,event,,API 단독 이벤트 추가,금융위 API 반환정보 신규 반영
2026-07-10 20:28:04,473980-구주보호예수-1M-2024-12-12,473980,노머스,api_return_date,,2024-12-12,금융위 API 반환정보 확인
2026-07-10 20:28:04,473980-구주보호예수-1M-2024-12-12,473980,노머스,api_return_qty,,2312861,금융위 API 반환정보 확인(동일 반환일 합산)
2026-07-10 20:28:04,473980-구주보호예수-2M-2025-01-13,473980,노머스,api_return_date,,2025-01-13,금융위 API 반환정보 확인
2026-07-10 20:28:04,473980-구주보호예수-2M-2025-01-13,473980,노머스,api_return_qty,,998296,금융위 API 반환정보 확인(동일 반환일 합산)
2026-07-10 20:28:04,473980-구주보호예수-3M-2025-02-12,473980,노머스,api_return_date,,2025-02-12,금융위 API 반환정보 확인
2026-07-10 20:28:04,473980-구주보호예수-3M-2025-02-12,473980,노머스,api_return_qty,,468880,금융위 API 반환정보 확인(동일 반환일 합산)
2026-07-10 20:28:04,473980-구주보호예수-6M-2025-05-12,473980,노머스,api_return_date,,2025-05-12,금융위 API 반환정보 확인
2026-07-10 20:28:04,473980-구주보호예수-6M-2025-05-12,473980,노머스,api_return_qty,,635257,금융위 API 반환정보 확인(동일 반환일 합산)
2026-07-10 20:28:04,473980-구주보호예수-12M-2025-11-12,473980,노머스,api_return_date,,2025-11-12,금융위 API 반환정보 확인
2026-07-10 20:28:04,473980-구주보호예수-12M-2025-11-12,473980,노머스,api_return_qty,,380803,금융위 API 반환정보 확인(동일 반환일 합산)
2026-07-10 20:28:05,163280-구주보호예수-보호예수-2024-10-28,163280,에어레인,event,,API 단독 이벤트 추가,금융위 API 반환정보 신규 반영
2026-07-10 20:28:05,475960-구주보호예수-보호예수-2024-12-09,475960,토모큐브,event,,API 단독 이벤트 추가,금융위 API 반환정보 신규 반영
2026-07-10 20:28:05,475960-구주보호예수-보호예수-2025-11-07,475960,토모큐브,event,,API 단독 이벤트 추가,금융위 API 반환정보 신규 반영
2026-07-10 20:28:08,376270-구주보호예수-보호예수-2024-12-05,376270,에이치이엠파마,event,,API 단독 이벤트 추가,금융위 API 반환정보 신규 반영
2026-07-10 20:28:08,376270-구주보호예수-보호예수-2025-02-05,376270,에이치이엠파마,event,,API 단독 이벤트 추가,금융위 API 반환정보 신규 반영
2026-07-10 20:28:08,376270-구주보호예수-보호예수-2025-11-05,376270,에이치이엠파마,event,,API 단독 이벤트 추가,금융위 API 반환정보 신규 반영
2026-07-10 20:28:09,458650-구주보호예수-보호예수-2020-05-27,458650,성우,event,,API 단독 이벤트 추가,금융위 API 반환정보 신규 반영
2026-07-10 20:28:11,466100-구주보호예수-보호예수-2024-11-28,466100,클로봇,event,,API 단독 이벤트 추가,금융위 API 반환정보 신규 반영
2026-07-10 20:28:11,466100-구주보호예수-보호예수-2025-01-31,466100,클로봇,event,,API 단독 이벤트 추가,금융위 API 반환정보 신규 반영
2026-07-10 20:28:11,466100-구주보호예수-보호예수-2025-10-28,466100,클로봇,event,,API 단독 이벤트 추가,금융위 API 반환정보 신규 반영
2026-07-10 20:28:11,466100-구주보호예수-보호예수-2026-04-28,466100,클로봇,event,,API 단독 이벤트 추가,금융위 API 반환정보 신규 반영
2026-07-10 20:28:14,474170-구주보호예수-1M-2024-11-21,474170,루미르,api_return_date,,2024-11-21,금융위 API 반환정보 확인
2026-07-10 20:28:14,474170-구주보호예수-1M-2024-11-21,474170,루미르,api_return_qty,,1823874,금융위 API 반환정보 확인(동일 반환일 합산)
2026-07-10 20:28:14,474170-구주보호예수-3M-2025-01-21,474170,루미르,api_return_date,,2025-01-21,금융위 API 반환정보 확인
2026-07-10 20:28:14,474170-구주보호예수-3M-2025-01-21,474170,루미르,api_return_qty,,1895874,금융위 API 반환정보 확인(동일 반환일 합산)
2026-07-10 20:28:14,474170-구주보호예수-12M-2025-10-21,474170,루미르,api_return_date,,2025-10-21,금융위 API 반환정보 확인
2026-07-10 20:28:14,474170-구주보호예수-12M-2025-10-21,474170,루미르,api_return_qty,,837336,금융위 API 반환정보 확인(동일 반환일 합산)
2026-07-10 20:28:16,209640-IPO기관-1M-2024-11-18,209640,와이제이링크,api_return_date,,2024-11-18,금융위 API 반환정보 확인
2026-07-10 20:28:16,209640-IPO기관-1M-2024-11-18,209640,와이제이링크,api_return_qty,,1207620,금융위 API 반환정보 확인(동일 반환일 합산)
2026-07-10 20:28:16,209640-IPO기관-3M-2025-01-20,209640,와이제이링크,api_return_date,,2025-01-20,금융위 API 반환정보 확인
2026-07-10 20:28:16,209640-IPO기관-3M-2025-01-20,209640,와이제이링크,api_return_qty,,780653,금융위 API 반환정보 확인(동일 반환일 합산)
2026-07-10 20:28:16,209640-IPO기관-6M-2025-04-18,209640,와이제이링크,api_return_date,,2025-04-18,금융위 API 반환정보 확인
2026-07-10 20:28:16,209640-IPO기관-6M-2025-04-18,209640,와이제이링크,api_return_qty,,2577060,금융위 API 반환정보 확인(동일 반환일 합산)
2026-07-10 20:28:16,209640-구주보호예수-보호예수-2026-04-20,209640,와이제이링크,event,,API 단독 이벤트 추가,금융위 API 반환정보 신규 반영
2026-07-10 20:28:19,465480-구주보호예수-3M-2025-01-20,465480,인스피언,api_return_date,,2025-01-20,금융위 API 반환정보 확인
2026-07-10 20:28:19,465480-구주보호예수-3M-2025-01-20,465480,인스피언,api_return_qty,,67500,금융위 API 반환정보 확인(동일 반환일 합산)
2026-07-10 20:28:19,465480-구주보호예수-6M-2025-04-18,465480,인스피언,api_return_date,,2025-04-18,금융위 API 반환정보 확인
2026-07-10 20:28:19,465480-구주보호예수-6M-2025-04-18,465480,인스피언,api_return_qty,,7653872,금융위 API 반환정보 확인(동일 반환일 합산)
2026-07-10 20:28:21,308430-구주보호예수-1M-2024-11-18,308430,셀비온,api_return_date,,2024-11-18,금융위 API 반환정보 확인
2026-07-10 20:28:21,308430-구주보호예수-1M-2024-11-18,308430,셀비온,api_return_qty,,1839325,금융위 API 반환정보 확인(동일 반환일 합산)
2026-07-10 20:28:21,308430-구주보호예수-3M-2025-01-16,308430,셀비온,api_return_date,,2025-01-16,금융위 API 반환정보 확인
2026-07-10 20:28:21,308430-구주보호예수-3M-2025-01-16,308430,셀비온,api_return_qty,,1522414,금융위 API 반환정보 확인(동일 반환일 합산)
2026-07-10 20:28:21,308430-구주보호예수-12M-2025-10-16,308430,셀비온,api_return_date,,2025-10-16,금융위 API 반환정보 확인
2026-07-10 20:28:21,308430-구주보호예수-12M-2025-10-16,308430,셀비온,api_return_qty,,370577,금융위 API 반환정보 확인(동일 반환일 합산)
2026-07-10 20:28:23,381620-구주보호예수-보호예수-2024-09-23,381620,제닉스,event,,API 단독 이벤트 추가,금융위 API 반환정보 신규 반영
2026-07-10 20:28:23,381620-IPO기관-3M-2024-12-30,381620,제닉스,api_return_date,,2024-12-30,금융위 API 반환정보 확인
2026-07-10 20:28:23,381620-IPO기관-3M-2024-12-30,381620,제닉스,api_return_qty,,19800,금융위 API 반환정보 확인(동일 반환일 합산)
2026-07-10 20:28:23,381620-구주보호예수-보호예수-2025-03-31,381620,제닉스,event,,API 단독 이벤트 추가,금융위 API 반환정보 신규 반영
2026-07-10 20:28:23,381620-구주보호예수-보호예수-2025-09-30,381620,제닉스,event,,API 단독 이벤트 추가,금융위 API 반환정보 신규 반영
2026-07-10 20:28:27,464500-구주보호예수-보호예수-2024-10-23,464500,아이언디바이스,event,,API 단독 이벤트 추가,금융위 API 반환정보 신규 반영
2026-07-10 20:28:27,464500-구주보호예수-보호예수-2024-12-23,464500,아이언디바이스,event,,API 단독 이벤트 추가,금융위 API 반환정보 신규 반영
2026-07-10 20:28:27,464500-구주보호예수-보호예수-2025-09-23,464500,아이언디바이스,event,,API 단독 이벤트 추가,금융위 API 반환정보 신규 반영
2026-07-10 20:28:29,461300-구주보호예수-보호예수-2025-03-04,461300,아이스크림미디어,event,,API 단독 이벤트 추가,금융위 API 반환정보 신규 반영
2026-07-10 20:28:29,461300-구주보호예수-보호예수-2026-03-03,461300,아이스크림미디어,event,,API 단독 이벤트 추가,금융위 API 반환정보 신규 반영
2026-07-10 20:28:32,456070-구주보호예수-보호예수-2024-08-26,456070,이엔셀,event,,API 단독 이벤트 추가,금융위 API 반환정보 신규 반영
2026-07-10 20:28:32,456070-IPO기관-1M-2024-09-23,456070,이엔셀,api_return_date,,2024-09-23,금융위 API 반환정보 확인
2026-07-10 20:28:32,456070-IPO기관-1M-2024-09-23,456070,이엔셀,api_return_qty,,4304905,금융위 API 반환정보 확인(동일 반환일 합산)
2026-07-10 20:28:32,456070-IPO기관-3M-2024-11-25,456070,이엔셀,api_return_date,,2024-11-25,금융위 API 반환정보 확인
2026-07-10 20:28:32,456070-IPO기관-3M-2024-11-25,456070,이엔셀,api_return_qty,,47004,금융위 API 반환정보 확인(동일 반환일 합산)
2026-07-10 20:28:32,456070-구주보호예수-보호예수-2025-08-25,456070,이엔셀,event,,API 단독 이벤트 추가,금융위 API 반환정보 신규 반영
2026-07-10 20:28:38,464280-구주보호예수-보호예수-2024-08-13,464280,티디에스팜,event,,API 단독 이벤트 추가,금융위 API 반환정보 신규 반영
2026-07-10 20:28:38,464280-IPO기관-1M-2024-09-23,464280,티디에스팜,api_return_date,,2024-09-23,금융위 API 반환정보 확인
2026-07-10 20:28:38,464280-IPO기관-1M-2024-09-23,464280,티디에스팜,api_return_qty,,1414711,금융위 API 반환정보 확인(동일 반환일 합산)
2026-07-10 20:28:38,464280-IPO기관-3M-2024-11-21,464280,티디에스팜,api_return_date,,2024-11-21,금융위 API 반환정보 확인
2026-07-10 20:28:38,464280-IPO기관-3M-2024-11-21,464280,티디에스팜,api_return_qty,,30000,금융위 API 반환정보 확인(동일 반환일 합산)
2026-07-10 20:28:38,464280-IPO기관-6M-2025-02-21,464280,티디에스팜,api_return_date,,2025-02-21,금융위 API 반환정보 확인
2026-07-10 20:28:38,464280-IPO기관-6M-2025-02-21,464280,티디에스팜,api_return_qty,,2769500,금융위 API 반환정보 확인(동일 반환일 합산)
2026-07-10 20:28:41,389650-구주보호예수-보호예수-2022-07-28,389650,넥스트바이오메디컬,event,,API 단독 이벤트 추가,금융위 API 반환정보 신규 반영
2026-07-10 20:28:41,389650-IPO기관-1M-2024-09-20,389650,넥스트바이오메디컬,api_return_date,,2024-09-20,금융위 API 반환정보 확인
2026-07-10 20:28:41,389650-IPO기관-1M-2024-09-20,389650,넥스트바이오메디컬,api_return_qty,,1512930,금융위 API 반환정보 확인(동일 반환일 합산)
2026-07-10 20:28:41,389650-IPO기관-3M-2024-11-20,389650,넥스트바이오메디컬,api_return_date,,2024-11-20,금융위 API 반환정보 확인
2026-07-10 20:28:41,389650-IPO기관-3M-2024-11-20,389650,넥스트바이오메디컬,api_return_qty,,30000,금융위 API 반환정보 확인(동일 반환일 합산)
2026-07-10 20:28:41,389650-구주보호예수-보호예수-2025-08-20,389650,넥스트바이오메디컬,event,,API 단독 이벤트 추가,금융위 API 반환정보 신규 반영
2026-07-10 20:28:44,431190-구주보호예수-보호예수-2024-09-20,431190,케이쓰리아이,event,,API 단독 이벤트 추가,금융위 API 반환정보 신규 반영
2026-07-10 20:28:44,431190-구주보호예수-보호예수-2024-11-20,431190,케이쓰리아이,event,,API 단독 이벤트 추가,금융위 API 반환정보 신규 반영
2026-07-10 20:28:44,431190-구주보호예수-보호예수-2025-08-20,431190,케이쓰리아이,event,,API 단독 이벤트 추가,금융위 API 반환정보 신규 반영
2026-07-10 20:28:45,088340-구주보호예수-보호예수-2013-06-24,088340,유라클,event,,API 단독 이벤트 추가,금융위 API 반환정보 신규 반영
2026-07-10 20:28:45,088340-구주보호예수-보호예수-2013-12-10,088340,유라클,event,,API 단독 이벤트 추가,금융위 API 반환정보 신규 반영
2026-07-10 20:28:45,088340-구주보호예수-보호예수-2016-07-05,088340,유라클,event,,API 단독 이벤트 추가,금융위 API 반환정보 신규 반영
2026-07-10 20:28:45,088340-구주보호예수-보호예수-2016-07-14,088340,유라클,event,,API 단독 이벤트 추가,금융위 API 반환정보 신규 반영
2026-07-10 20:28:45,088340-구주보호예수-보호예수-2016-09-30,088340,유라클,event,,API 단독 이벤트 추가,금융위 API 반환정보 신규 반영
2026-07-10 20:28:45,088340-구주보호예수-보호예수-2019-11-08,088340,유라클,event,,API 단독 이벤트 추가,금융위 API 반환정보 신규 반영
2026-07-10 20:28:45,088340-구주보호예수-보호예수-2024-08-08,088340,유라클,event,,API 단독 이벤트 추가,금융위 API 반환정보 신규 반영
2026-07-10 20:28:45,088340-구주보호예수-보호예수-2024-09-19,088340,유라클,event,,API 단독 이벤트 추가,금융위 API 반환정보 신규 반영
2026-07-10 20:28:45,088340-구주보호예수-보호예수-2024-11-18,088340,유라클,event,,API 단독 이벤트 추가,금융위 API 반환정보 신규 반영
2026-07-10 20:28:45,088340-구주보호예수-보호예수-2025-02-17,088340,유라클,event,,API 단독 이벤트 추가,금융위 API 반환정보 신규 반영
2026-07-10 20:28:48,199480-구주보호예수-보호예수-2024-09-12,199480,뱅크웨어글로벌,event,,API 단독 이벤트 추가,금융위 API 반환정보 신규 반영
2026-07-10 20:28:48,199480-구주보호예수-보호예수-2024-11-12,199480,뱅크웨어글로벌,event,,API 단독 이벤트 추가,금융위 API 반환정보 신규 반영
2026-07-10 20:28:48,199480-구주보호예수-보호예수-2025-08-12,199480,뱅크웨어글로벌,event,,API 단독 이벤트 추가,금융위 API 반환정보 신규 반영
2026-07-10 20:28:52,460470-IPO기관-1M-2024-09-06,460470,아이빔테크놀로지,api_return_date,,2024-09-06,금융위 API 반환정보 확인
2026-07-10 20:28:52,460470-IPO기관-1M-2024-09-06,460470,아이빔테크놀로지,api_return_qty,,3992820,금융위 API 반환정보 확인(동일 반환일 합산)
2026-07-10 20:28:52,460470-IPO기관-3M-2024-11-06,460470,아이빔테크놀로지,api_return_date,,2024-11-06,금융위 API 반환정보 확인
2026-07-10 20:28:52,460470-IPO기관-3M-2024-11-06,460470,아이빔테크놀로지,api_return_qty,,3684840,금융위 API 반환정보 확인(동일 반환일 합산)
2026-07-10 20:28:56,373110-구주보호예수-보호예수-2024-08-16,373110,엑셀세라퓨틱스,event,,API 단독 이벤트 추가,금융위 API 반환정보 신규 반영
2026-07-10 20:28:56,373110-구주보호예수-보호예수-2024-09-19,373110,엑셀세라퓨틱스,event,,API 단독 이벤트 추가,금융위 API 반환정보 신규 반영
2026-07-10 20:28:56,373110-구주보호예수-보호예수-2024-10-15,373110,엑셀세라퓨틱스,event,,API 단독 이벤트 추가,금융위 API 반환정보 신규 반영
2026-07-10 20:28:56,373110-구주보호예수-보호예수-2025-07-15,373110,엑셀세라퓨틱스,event,,API 단독 이벤트 추가,금융위 API 반환정보 신규 반영
2026-07-10 20:28:56,475400-IPO기관-1M-2024-11-25,475400,씨메스,final_date,2024-11-24,2024-11-25,같은 예정일의 API 실제 반환일로 정렬
2026-07-10 20:28:56,163280-IPO기관-1M-2024-12-09,163280,에어레인,final_date,2024-12-08,2024-12-09,같은 예정일의 API 실제 반환일로 정렬
2026-07-10 20:28:56,387570-IPO기관-1M-2025-01-31,387570,파인메딕스,final_date,2025-01-26,2025-01-31,같은 예정일의 API 실제 반환일로 정렬
2026-07-10 20:28:56,163280-IPO기관-3M-2025-02-10,163280,에어레인,final_date,2025-02-08,2025-02-10,같은 예정일의 API 실제 반환일로 정렬
2026-07-10 20:28:56,482630-IPO기관-1M-2025-03-04,482630,삼양엔씨켐,final_date,2025-03-03,2025-03-04,같은 예정일의 API 실제 반환일로 정렬
2026-07-10 20:28:56,484810-IPO기관-1M-2025-04-21,484810,티엑스알로보틱스,final_date,2025-04-20,2025-04-21,같은 예정일의 API 실제 반환일로 정렬
2026-07-10 20:28:56,475580-IPO기관-6M-2025-05-02,475580,에이럭스,final_date,2025-05-01,2025-05-02,같은 예정일의 API 실제 반환일로 정렬
2026-07-10 20:28:56,475560-IPO기관-6M-2025-05-07,475560,더본코리아,final_date,2025-05-06,2025-05-07,같은 예정일의 API 실제 반환일로 정렬
2026-07-10 20:28:56,482630-IPO기관-3M-2025-05-07,482630,삼양엔씨켐,final_date,2025-05-03,2025-05-07,같은 예정일의 API 실제 반환일로 정렬
2026-07-10 20:28:56,489500-IPO기관-3M-2025-05-26,489500,엘케이켐,final_date,2025-05-25,2025-05-26,같은 예정일의 API 실제 반환일로 정렬
2026-07-10 20:28:56,226590-IPO기관-3M-2025-06-09,226590,엠디바이스,final_date,2025-06-07,2025-06-09,같은 예정일의 API 실제 반환일로 정렬
2026-07-10 20:28:56,136150-IPO기관-3M-2025-08-11,136150,원일티엔아이,final_date,2025-08-09,2025-08-11,같은 예정일의 API 실제 반환일로 정렬
2026-07-10 20:28:56,476040-IPO기관-3M-2025-08-11,476040,오가노이드사이언스,final_date,2025-08-09,2025-08-11,같은 예정일의 API 실제 반환일로 정렬
2026-07-10 20:28:56,303810-IPO기관-6M-2025-08-18,303810,동국생명과학,final_date,2025-08-17,2025-08-18,같은 예정일의 API 실제 반환일로 정렬
2026-07-10 20:28:56,226590-IPO기관-6M-2025-09-08,226590,엠디바이스,final_date,2025-09-07,2025-09-08,같은 예정일의 API 실제 반환일로 정렬
2026-07-10 20:28:56,309710-IPO기관-1M-2025-09-08,309710,아이티켐,final_date,2025-09-07,2025-09-08,같은 예정일의 API 실제 반환일로 정렬
2026-07-10 20:28:56,484810-IPO기관-6M-2025-09-22,484810,티엑스알로보틱스,final_date,2025-09-20,2025-09-22,같은 예정일의 API 실제 반환일로 정렬
2026-07-10 20:28:56,136150-IPO기관-6M-2025-11-10,136150,원일티엔아이,final_date,2025-11-09,2025-11-10,같은 예정일의 API 실제 반환일로 정렬
2026-07-10 20:28:56,494120-IPO기관-1M-2025-12-15,494120,큐리오시스,final_date,2025-12-13,2025-12-15,같은 예정일의 API 실제 반환일로 정렬
2026-07-10 20:28:56,0015N0-IPO기관-1M-2025-12-29,0015N0,아로마티카,final_date,2025-12-27,2025-12-29,같은 예정일의 API 실제 반환일로 정렬
2026-07-10 20:28:56,0015S0-IPO기관-1M-2026-01-12,0015S0,페스카로,final_date,2026-01-10,2026-01-12,같은 예정일의 API 실제 반환일로 정렬
2026-07-10 20:28:56,476830-IPO기관-1M-2026-01-19,476830,알지노믹스,final_date,2026-01-18,2026-01-19,같은 예정일의 API 실제 반환일로 정렬
2026-07-10 20:28:56,478340-IPO기관-1M-2026-01-19,478340,나라스페이스테크놀로지,final_date,2026-01-17,2026-01-19,같은 예정일의 API 실제 반환일로 정렬
2026-07-10 20:28:56,309710-IPO기관-6M-2026-02-09,309710,아이티켐,final_date,2026-02-07,2026-02-09,같은 예정일의 API 실제 반환일로 정렬
2026-07-10 20:28:56,0015G0-IPO기관-3M-2026-02-19,0015G0,그린광학,final_date,2026-02-17,2026-02-19,같은 예정일의 API 실제 반환일로 정렬
2026-07-10 20:28:56,403850-IPO기관-3M-2026-02-19,403850,더핑크퐁컴퍼니,final_date,2026-02-18,2026-02-19,같은 예정일의 API 실제 반환일로 정렬
2026-07-10 20:28:56,484590-IPO기관-6M-2026-02-19,484590,삼양컴텍,final_date,2026-02-18,2026-02-19,같은 예정일의 API 실제 반환일로 정렬
2026-07-10 20:28:56,0010V0-IPO기관-6M-2026-02-23,0010V0,제이피아이헬스케어,final_date,2026-02-21,2026-02-23,같은 예정일의 API 실제 반환일로 정렬
2026-07-10 20:28:56,488900-IPO기관-3M-2026-02-23,488900,비츠로넥스텍,final_date,2026-02-21,2026-02-23,같은 예정일의 API 실제 반환일로 정렬
2026-07-10 20:28:56,0001A0-IPO기관-1M-2026-03-03,0001A0,덕양에너젠,final_date,2026-02-28,2026-03-03,같은 예정일의 API 실제 반환일로 정렬
2026-07-10 20:28:56,490470-IPO기관-3M-2026-03-30,490470,세미파이브,final_date,2026-03-29,2026-03-30,같은 예정일의 API 실제 반환일로 정렬
2026-07-10 20:28:56,0088M0-IPO기관-1M-2026-04-27,0088M0,메쥬,final_date,2026-04-26,2026-04-27,같은 예정일의 API 실제 반환일로 정렬
2026-07-10 20:28:56,408470-IPO기관-1M-2026-04-27,408470,한패스,final_date,2026-04-25,2026-04-27,같은 예정일의 API 실제 반환일로 정렬
2026-07-10 20:28:56,394420-IPO기관-1M-2026-04-30,394420,리센스메디컬,final_date,2026-04-30,2026-05-04,같은 예정일의 API 실제 반환일로 정렬
2026-07-10 20:28:56,486990-IPO기관-6M-2026-05-04,486990,노타,final_date,2026-05-03,2026-05-04,같은 예정일의 API 실제 반환일로 정렬
2026-07-10 20:28:56,487580-IPO기관-1M-2026-06-15,487580,폴레드,final_date,2026-06-14,2026-06-15,같은 예정일의 API 실제 반환일로 정렬
2026-07-10 20:28:56,477850-IPO기관-1M-2026-06-22,477850,마키나락스,final_date,2026-06-20,2026-06-22,같은 예정일의 API 실제 반환일로 정렬
2026-07-10 20:28:56,493280-IPO기관-3M-2026-06-22,493280,아이엠바이오로직스,final_date,2026-06-20,2026-06-22,같은 예정일의 API 실제 반환일로 정렬
2026-07-10 20:28:56,394420-IPO기관-3M-2026-06-30,394420,리센스메디컬,final_date,2026-06-30,2026-07-01,같은 예정일의 API 실제 반환일로 정렬
2026-07-10 20:28:56,465480-IPO기관-3M-2025-01-20,465480,인스피언,final_date,2025-01-18,2025-01-20,같은 예정일의 API 실제 반환일로 정렬
2026-07-10 20:28:56,0001A0-IPO기관-15D-2026-02-19,0001A0,덕양에너젠,current_shares,24791195,25468962,KRX 최근 상장주식수 갱신 (2026-07-09)
2026-07-10 20:28:56,0001A0-IPO기관-1M-2026-03-03,0001A0,덕양에너젠,current_shares,24791195,25468962,KRX 최근 상장주식수 갱신 (2026-07-09)
2026-07-10 20:28:56,0001A0-구주보호예수-1M-2026-03-03,0001A0,덕양에너젠,current_shares,24791195,25468962,KRX 최근 상장주식수 갱신 (2026-07-09)
2026-07-10 20:28:56,0082N0-IPO기관-15D-2026-03-31,0082N0,카나프테라퓨틱스,current_shares,12956030,13265080,KRX 최근 상장주식수 갱신 (2026-07-09)
2026-07-10 20:28:56,493280-IPO기관-15D-2026-04-06,493280,아이엠바이오로직스,current_shares,14776110,14836549,KRX 최근 상장주식수 갱신 (2026-07-09)
2026-07-10 20:28:56,0088M0-IPO기관-15D-2026-04-10,0088M0,메쥬,current_shares,9717750,9881750,KRX 최근 상장주식수 갱신 (2026-07-09)
2026-07-10 20:28:56,394420-IPO기관-15D-2026-04-15,394420,리센스메디컬,current_shares,10850298,10934938,KRX 최근 상장주식수 갱신 (2026-07-09)
2026-07-10 20:28:56,0082N0-IPO기관-1M-2026-04-16,0082N0,카나프테라퓨틱스,current_shares,12956030,13265080,KRX 최근 상장주식수 갱신 (2026-07-09)
2026-07-10 20:28:56,0082N0-구주보호예수-1M-2026-04-16,0082N0,카나프테라퓨틱스,current_shares,12956030,13265080,KRX 최근 상장주식수 갱신 (2026-07-09)
2026-07-10 20:28:56,493280-IPO기관-1M-2026-04-20,493280,아이엠바이오로직스,current_shares,14776110,14836549,KRX 최근 상장주식수 갱신 (2026-07-09)
2026-07-10 20:28:56,493280-구주보호예수-1M-2026-04-20,493280,아이엠바이오로직스,current_shares,14776110,14836549,KRX 최근 상장주식수 갱신 (2026-07-09)
2026-07-10 20:28:56,0088M0-IPO기관-1M-2026-04-27,0088M0,메쥬,current_shares,9717750,9881750,KRX 최근 상장주식수 갱신 (2026-07-09)
2026-07-10 20:28:56,0088M0-구주보호예수-1M-2026-04-27,0088M0,메쥬,current_shares,9717750,9881750,KRX 최근 상장주식수 갱신 (2026-07-09)
2026-07-10 20:28:56,0001A0-IPO기관-3M-2026-04-30,0001A0,덕양에너젠,current_shares,24791195,25468962,KRX 최근 상장주식수 갱신 (2026-07-09)
2026-07-10 20:28:56,0001A0-구주보호예수-3M-2026-04-30,0001A0,덕양에너젠,current_shares,24791195,25468962,KRX 최근 상장주식수 갱신 (2026-07-09)
2026-07-10 20:28:56,394420-IPO기관-1M-2026-04-30,394420,리센스메디컬,current_shares,10850298,10934938,KRX 최근 상장주식수 갱신 (2026-07-09)
2026-07-10 20:28:56,394420-구주보호예수-1M-2026-04-30,394420,리센스메디컬,current_shares,10850298,10934938,KRX 최근 상장주식수 갱신 (2026-07-09)
2026-07-10 20:28:56,0011T0-IPO기관-15D-2026-05-14,0011T0,채비,current_shares,46785280,46949591,KRX 최근 상장주식수 갱신 (2026-07-09)
2026-07-10 20:28:56,0088M0-구주보호예수-2M-2026-05-26,0088M0,메쥬,current_shares,9717750,9881750,KRX 최근 상장주식수 갱신 (2026-07-09)
2026-07-10 20:28:56,439960-IPO기관-15D-2026-05-26,439960,코스모로보틱스,current_shares,32108906,32450626,KRX 최근 상장주식수 갱신 (2026-07-09)
2026-07-10 20:28:56,0011T0-IPO기관-1M-2026-05-29,0011T0,채비,current_shares,46785280,46949591,KRX 최근 상장주식수 갱신 (2026-07-09)
2026-07-10 20:28:56,0011T0-구주보호예수-1M-2026-05-29,0011T0,채비,current_shares,46785280,46949591,KRX 최근 상장주식수 갱신 (2026-07-09)
2026-07-10 20:28:56,394420-구주보호예수-2M-2026-06-01,394420,리센스메디컬,current_shares,10850298,10934938,KRX 최근 상장주식수 갱신 (2026-07-09)
2026-07-10 20:28:56,477850-IPO기관-15D-2026-06-04,477850,마키나락스,current_shares,17541640,17754736,KRX 최근 상장주식수 갱신 (2026-07-09)
2026-07-10 20:28:56,439960-IPO기관-1M-2026-06-11,439960,코스모로보틱스,current_shares,32108906,32450626,KRX 최근 상장주식수 갱신 (2026-07-09)
2026-07-10 20:28:56,439960-구주보호예수-1M-2026-06-11,439960,코스모로보틱스,current_shares,32108906,32450626,KRX 최근 상장주식수 갱신 (2026-07-09)
2026-07-10 20:28:56,0082N0-IPO기관-3M-2026-06-16,0082N0,카나프테라퓨틱스,current_shares,12956030,13265080,KRX 최근 상장주식수 갱신 (2026-07-09)
2026-07-10 20:28:56,0082N0-구주보호예수-3M-2026-06-16,0082N0,카나프테라퓨틱스,current_shares,12956030,13265080,KRX 최근 상장주식수 갱신 (2026-07-09)
2026-07-10 20:28:56,477850-IPO기관-1M-2026-06-22,477850,마키나락스,current_shares,17541640,17754736,KRX 최근 상장주식수 갱신 (2026-07-09)
2026-07-10 20:28:56,477850-구주보호예수-1M-2026-06-22,477850,마키나락스,current_shares,17541640,17754736,KRX 최근 상장주식수 갱신 (2026-07-09)
2026-07-10 20:28:56,493280-IPO기관-3M-2026-06-22,493280,아이엠바이오로직스,current_shares,14776110,14836549,KRX 최근 상장주식수 갱신 (2026-07-09)
2026-07-10 20:28:56,493280-구주보호예수-3M-2026-06-22,493280,아이엠바이오로직스,current_shares,14776110,14836549,KRX 최근 상장주식수 갱신 (2026-07-09)
2026-07-10 20:28:56,0088M0-IPO기관-3M-2026-06-26,0088M0,메쥬,current_shares,9717750,9881750,KRX 최근 상장주식수 갱신 (2026-07-09)
2026-07-10 20:28:56,0088M0-구주보호예수-3M-2026-06-26,0088M0,메쥬,current_shares,9717750,9881750,KRX 최근 상장주식수 갱신 (2026-07-09)
2026-07-10 20:28:56,394420-IPO기관-3M-2026-06-30,394420,리센스메디컬,current_shares,10850298,10934938,KRX 최근 상장주식수 갱신 (2026-07-09)
2026-07-10 20:28:56,394420-구주보호예수-3M-2026-06-30,394420,리센스메디컬,current_shares,10850298,10934938,KRX 최근 상장주식수 갱신 (2026-07-09)
2026-07-10 20:28:56,439960-구주보호예수-2M-2026-07-13,439960,코스모로보틱스,current_shares,32108906,32450626,KRX 최근 상장주식수 갱신 (2026-07-09)
2026-07-10 20:28:56,477850-구주보호예수-2M-2026-07-20,477850,마키나락스,current_shares,17541640,17754736,KRX 최근 상장주식수 갱신 (2026-07-09)
2026-07-10 20:28:56,0011T0-IPO기관-3M-2026-07-29,0011T0,채비,current_shares,46785280,46949591,KRX 최근 상장주식수 갱신 (2026-07-09)
2026-07-10 20:28:56,0001A0-IPO기관-6M-2026-07-30,0001A0,덕양에너젠,current_shares,24791195,25468962,KRX 최근 상장주식수 갱신 (2026-07-09)
2026-07-10 20:28:56,0001A0-구주보호예수-6M-2026-07-30,0001A0,덕양에너젠,current_shares,24791195,25468962,KRX 최근 상장주식수 갱신 (2026-07-09)
2026-07-10 20:28:56,439960-IPO기관-3M-2026-08-11,439960,코스모로보틱스,current_shares,32108906,32450626,KRX 최근 상장주식수 갱신 (2026-07-09)
2026-07-10 20:28:56,439960-구주보호예수-3M-2026-08-11,439960,코스모로보틱스,current_shares,32108906,32450626,KRX 최근 상장주식수 갱신 (2026-07-09)
2026-07-10 20:28:56,477850-IPO기관-3M-2026-08-20,477850,마키나락스,current_shares,17541640,17754736,KRX 최근 상장주식수 갱신 (2026-07-09)
2026-07-10 20:28:56,477850-구주보호예수-3M-2026-08-20,477850,마키나락스,current_shares,17541640,17754736,KRX 최근 상장주식수 갱신 (2026-07-09)
2026-07-10 20:28:56,0082N0-IPO기관-6M-2026-09-16,0082N0,카나프테라퓨틱스,current_shares,12956030,13265080,KRX 최근 상장주식수 갱신 (2026-07-09)
2026-07-10 20:28:56,493280-IPO기관-6M-2026-09-21,493280,아이엠바이오로직스,current_shares,14776110,14836549,KRX 최근 상장주식수 갱신 (2026-07-09)
2026-07-10 20:28:56,493280-구주보호예수-6M-2026-09-21,493280,아이엠바이오로직스,current_shares,14776110,14836549,KRX 최근 상장주식수 갱신 (2026-07-09)
2026-07-10 20:28:56,0088M0-IPO기관-6M-2026-09-29,0088M0,메쥬,current_shares,9717750,9881750,KRX 최근 상장주식수 갱신 (2026-07-09)
2026-07-10 20:28:56,394420-IPO기관-6M-2026-09-30,394420,리센스메디컬,current_shares,10850298,10934938,KRX 최근 상장주식수 갱신 (2026-07-09)
2026-07-10 20:28:56,394420-구주보호예수-6M-2026-09-30,394420,리센스메디컬,current_shares,10850298,10934938,KRX 최근 상장주식수 갱신 (2026-07-09)
2026-07-10 20:28:56,0011T0-IPO기관-6M-2026-10-29,0011T0,채비,current_shares,46785280,46949591,KRX 최근 상장주식수 갱신 (2026-07-09)
2026-07-10 20:28:56,0011T0-구주보호예수-6M-2026-10-29,0011T0,채비,current_shares,46785280,46949591,KRX 최근 상장주식수 갱신 (2026-07-09)
2026-07-10 20:28:56,439960-IPO기관-6M-2026-11-11,439960,코스모로보틱스,current_shares,32108906,32450626,KRX 최근 상장주식수 갱신 (2026-07-09)
2026-07-10 20:28:56,477850-IPO기관-6M-2026-11-20,477850,마키나락스,current_shares,17541640,17754736,KRX 최근 상장주식수 갱신 (2026-07-09)
2026-07-10 20:28:56,477850-구주보호예수-6M-2026-11-20,477850,마키나락스,current_shares,17541640,17754736,KRX 최근 상장주식수 갱신 (2026-07-09)
2026-07-10 20:28:56,0001A0-구주보호예수-12M-2027-02-01,0001A0,덕양에너젠,current_shares,24791195,25468962,KRX 최근 상장주식수 갱신 (2026-07-09)
2026-07-10 20:28:56,0082N0-구주보호예수-1Y-2027-03-16,0082N0,카나프테라퓨틱스,current_shares,12956030,13265080,KRX 최근 상장주식수 갱신 (2026-07-09)
2026-07-10 20:28:56,493280-구주보호예수-1Y-2027-03-22,493280,아이엠바이오로직스,current_shares,14776110,14836549,KRX 최근 상장주식수 갱신 (2026-07-09)
2026-07-10 20:28:56,0088M0-구주보호예수-1Y-2027-03-26,0088M0,메쥬,current_shares,9717750,9881750,KRX 최근 상장주식수 갱신 (2026-07-09)
2026-07-10 20:28:56,394420-구주보호예수-1Y-2027-03-31,394420,리센스메디컬,current_shares,10850298,10934938,KRX 최근 상장주식수 갱신 (2026-07-09)
2026-07-10 20:28:56,0011T0-구주보호예수-1Y-2027-04-29,0011T0,채비,current_shares,46785280,46949591,KRX 최근 상장주식수 갱신 (2026-07-09)
2026-07-10 20:28:56,439960-구주보호예수-1Y-2027-05-11,439960,코스모로보틱스,current_shares,32108906,32450626,KRX 최근 상장주식수 갱신 (2026-07-09)
2026-07-10 20:28:56,477850-구주보호예수-1Y-2027-05-20,477850,마키나락스,current_shares,17541640,17754736,KRX 최근 상장주식수 갱신 (2026-07-09)
2026-07-10 20:28:56,0088M0-구주보호예수-2Y-2028-03-27,0088M0,메쥬,current_shares,9717750,9881750,KRX 최근 상장주식수 갱신 (2026-07-09)
2026-07-10 20:28:56,0001A0-구주보호예수-30M-2028-07-31,0001A0,덕양에너젠,current_shares,24791195,25468962,KRX 최근 상장주식수 갱신 (2026-07-09)
2026-07-10 20:28:56,0082N0-구주보호예수-3Y-2029-03-16,0082N0,카나프테라퓨틱스,current_shares,12956030,13265080,KRX 최근 상장주식수 갱신 (2026-07-09)
2026-07-10 20:28:56,493280-구주보호예수-3Y-2029-03-20,493280,아이엠바이오로직스,current_shares,14776110,14836549,KRX 최근 상장주식수 갱신 (2026-07-09)
2026-07-10 20:28:56,0088M0-구주보호예수-3Y-2029-03-26,0088M0,메쥬,current_shares,9717750,9881750,KRX 최근 상장주식수 갱신 (2026-07-09)
2026-07-10 20:28:56,439960-구주보호예수-3Y-2029-05-11,439960,코스모로보틱스,current_shares,32108906,32450626,KRX 최근 상장주식수 갱신 (2026-07-09)
2026-07-10 20:28:56,477850-구주보호예수-3Y-2029-05-21,477850,마키나락스,current_shares,17541640,17754736,KRX 최근 상장주식수 갱신 (2026-07-09)
2026-07-10 20:28:56,394420-구주보호예수-5Y-2031-03-31,394420,리센스메디컬,current_shares,10850298,10934938,KRX 최근 상장주식수 갱신 (2026-07-09)
